,Accuracy,Specificity,Sensitivity
0,0.6,0.6,0.6
1,0.7333333333333333,0.7142857142857143,0.75
2,0.8,1.0,0.7272727272727273
3,0.8666666666666667,0.7777777777777778,1.0
4,0.8,0.8333333333333334,0.7777777777777778
5,0.9333333333333333,1.0,0.8888888888888888
6,0.7333333333333333,0.8333333333333334,0.6666666666666666
7,0.8,0.6666666666666666,0.8333333333333334
8,0.8666666666666667,0.8571428571428571,0.875
9,0.8666666666666667,0.8,0.9
10,0.8,0.6666666666666666,0.8888888888888888
11,0.8,0.6666666666666666,0.8888888888888888
12,0.8,1.0,0.7
13,0.7333333333333333,0.75,0.7142857142857143
14,0.8666666666666667,1.0,0.8
15,1.0,1.0,1.0
16,0.8666666666666667,1.0,0.8
17,0.8666666666666667,0.875,0.8571428571428571
18,0.6,0.75,0.42857142857142855
19,0.7333333333333333,0.8333333333333334,0.6666666666666666
20,0.7333333333333333,0.75,0.7272727272727273
21,0.7333333333333333,0.8333333333333334,0.6666666666666666
22,0.8666666666666667,0.8571428571428571,0.875
23,0.8,0.75,0.8571428571428571
24,0.8666666666666667,1.0,0.8181818181818182
25,0.8666666666666667,0.8571428571428571,0.875
26,0.8666666666666667,1.0,0.8
27,0.8666666666666667,1.0,0.75
28,0.8,0.8,0.8
29,0.6,1.0,0.45454545454545453
30,0.8666666666666667,1.0,0.8
31,0.6666666666666666,1.0,0.375
32,0.8666666666666667,1.0,0.8
33,0.8,1.0,0.7272727272727273
34,0.8,1.0,0.625
35,0.8666666666666667,1.0,0.7142857142857143
36,0.9333333333333333,1.0,0.8888888888888888
37,0.7333333333333333,1.0,0.5555555555555556
38,0.8666666666666667,0.875,0.8571428571428571
39,0.8666666666666667,0.8333333333333334,0.8888888888888888
40,0.9333333333333333,1.0,0.8888888888888888
41,0.9333333333333333,1.0,0.875
42,0.8,0.75,0.8181818181818182
43,0.8666666666666667,1.0,0.75
44,0.8,1.0,0.6666666666666666
45,0.8,0.7142857142857143,0.875
46,0.8666666666666667,1.0,0.8333333333333334
47,0.9333333333333333,0.875,1.0
48,0.8666666666666667,0.875,0.8571428571428571
49,0.7333333333333333,1.0,0.6
50,0.7333333333333333,0.8571428571428571,0.625
51,0.9333333333333333,1.0,0.8888888888888888
52,0.8666666666666667,0.8333333333333334,0.8888888888888888
53,0.6666666666666666,1.0,0.5
54,0.8,1.0,0.6666666666666666
55,0.8,1.0,0.75
56,1.0,1.0,1.0
57,0.6666666666666666,1.0,0.4444444444444444
58,0.6,0.5,0.6666666666666666
59,0.8,0.6666666666666666,0.8888888888888888
60,0.6666666666666666,0.75,0.6363636363636364
61,0.8,0.8571428571428571,0.75
62,0.7333333333333333,0.8333333333333334,0.6666666666666666
63,0.6,0.5,0.6153846153846154
64,0.9333333333333333,1.0,0.875
65,0.9333333333333333,0.875,1.0
66,0.7333333333333333,0.5,1.0
67,0.6666666666666666,0.7142857142857143,0.625
68,0.7333333333333333,1.0,0.6
69,0.8666666666666667,1.0,0.7777777777777778
70,0.8666666666666667,1.0,0.8181818181818182
71,1.0,1.0,1.0
72,0.8666666666666667,0.8571428571428571,0.875
73,0.7333333333333333,0.7142857142857143,0.75
74,0.7333333333333333,1.0,0.6
75,0.9333333333333333,1.0,0.9
76,0.7333333333333333,0.625,0.8571428571428571
77,0.6,0.8,0.5
78,0.7333333333333333,0.8,0.7
79,0.7333333333333333,1.0,0.6363636363636364
80,0.8,0.8571428571428571,0.75
81,0.8666666666666667,1.0,0.8
82,0.8,1.0,0.6666666666666666
83,0.8666666666666667,0.8333333333333334,0.8888888888888888
84,0.8,1.0,0.7
85,0.7333333333333333,0.8,0.7
86,0.8,0.6666666666666666,0.8888888888888888
87,0.5333333333333333,0.4,0.6
88,0.8666666666666667,1.0,0.7777777777777778
89,1.0,1.0,1.0
90,0.6666666666666666,1.0,0.5833333333333334
91,1.0,1.0,1.0
92,0.8,1.0,0.75
93,0.8666666666666667,1.0,0.8
94,0.7333333333333333,0.8,0.7
95,0.8666666666666667,0.8,0.9
96,0.8,0.7142857142857143,0.875
97,0.8666666666666667,1.0,0.8
98,0.6666666666666666,0.8,0.6
99,0.7333333333333333,0.8,0.7
100,0.8,0.5,0.9090909090909091
101,0.9333333333333333,1.0,0.9090909090909091
102,0.8,1.0,0.7692307692307693
103,0.5333333333333333,0.5,0.5555555555555556
104,0.8666666666666667,1.0,0.7777777777777778
105,0.8,0.6666666666666666,0.8888888888888888
106,0.8666666666666667,0.875,0.8571428571428571
107,0.8,0.875,0.7142857142857143
108,0.8,0.7142857142857143,0.875
109,0.8,1.0,0.7272727272727273
110,0.9333333333333333,1.0,0.9
111,0.8,1.0,0.625
112,0.8666666666666667,1.0,0.8
113,0.7333333333333333,1.0,0.6363636363636364
114,0.6,1.0,0.5
115,0.9333333333333333,0.8571428571428571,1.0
116,0.8,0.5,1.0
117,0.8,0.8571428571428571,0.75
118,0.8666666666666667,0.8333333333333334,0.8888888888888888
119,0.8,0.8333333333333334,0.7777777777777778
120,0.8,1.0,0.7857142857142857
121,0.9333333333333333,1.0,0.9
122,0.6666666666666666,1.0,0.5454545454545454
123,0.7333333333333333,1.0,0.5555555555555556
124,0.7333333333333333,0.8333333333333334,0.6666666666666666
125,0.8666666666666667,1.0,0.8333333333333334
126,0.8666666666666667,0.75,0.9090909090909091
127,0.8,0.6666666666666666,0.8333333333333334
128,0.7333333333333333,0.8,0.7
129,0.9333333333333333,1.0,0.8571428571428571
130,0.7333333333333333,0.8,0.7
131,0.8666666666666667,0.75,0.9090909090909091
132,0.6666666666666666,0.6666666666666666,0.6666666666666666
133,0.8666666666666667,1.0,0.8461538461538461
134,0.9333333333333333,1.0,0.9090909090909091
135,0.8666666666666667,0.8,0.9
136,0.8,0.6666666666666666,0.8333333333333334
137,0.7333333333333333,0.8571428571428571,0.625
138,0.8,1.0,0.6666666666666666
139,0.6666666666666666,1.0,0.5
140,0.7333333333333333,0.8333333333333334,0.6666666666666666
141,0.8666666666666667,1.0,0.8
142,0.7333333333333333,0.6666666666666666,0.7777777777777778
143,1.0,1.0,1.0
144,0.8,0.8571428571428571,0.75
145,0.9333333333333333,0.8888888888888888,1.0
146,0.8666666666666667,0.9,0.8
147,0.9333333333333333,1.0,0.9090909090909091
148,0.7333333333333333,1.0,0.6666666666666666
149,0.8,0.5714285714285714,1.0
150,0.8666666666666667,0.8888888888888888,0.8333333333333334
151,0.9333333333333333,1.0,0.9090909090909091
152,0.8,0.8333333333333334,0.7777777777777778
153,0.8666666666666667,0.8571428571428571,0.875
154,0.7333333333333333,1.0,0.5
155,0.6666666666666666,0.8,0.6
156,0.7333333333333333,1.0,0.6363636363636364
157,0.8,1.0,0.7
158,0.8,0.8333333333333334,0.7777777777777778
159,0.9333333333333333,1.0,0.875
160,0.8666666666666667,1.0,0.8333333333333334
161,0.8666666666666667,1.0,0.7777777777777778
162,0.8666666666666667,1.0,0.8181818181818182
163,0.6,0.6,0.6
164,0.9333333333333333,1.0,0.9
165,0.8,1.0,0.7
166,0.7333333333333333,1.0,0.6666666666666666
167,0.7333333333333333,0.75,0.7142857142857143
168,0.9333333333333333,1.0,0.875
169,0.7333333333333333,0.75,0.7142857142857143
170,0.8,0.7142857142857143,0.875
171,0.6,1.0,0.45454545454545453
172,0.9333333333333333,0.8571428571428571,1.0
173,0.9333333333333333,1.0,0.875
174,0.8,1.0,0.7
175,0.8,0.75,0.8181818181818182
176,0.8666666666666667,0.8333333333333334,0.8888888888888888
177,0.9333333333333333,1.0,0.8888888888888888
178,0.8666666666666667,0.8333333333333334,0.8888888888888888
179,0.8,0.8,0.8
180,0.8666666666666667,1.0,0.8181818181818182
181,0.8666666666666667,0.7777777777777778,1.0
182,0.8,1.0,0.7
183,0.6666666666666666,0.5,0.7777777777777778
184,0.8666666666666667,1.0,0.8181818181818182
185,0.8666666666666667,1.0,0.8181818181818182
186,0.8666666666666667,1.0,0.8
187,0.8666666666666667,0.8333333333333334,0.8888888888888888
188,1.0,1.0,1.0
189,0.7333333333333333,0.8571428571428571,0.625
190,0.8666666666666667,1.0,0.8
191,0.9333333333333333,0.8333333333333334,1.0
192,0.8,1.0,0.75
193,0.7333333333333333,0.4,0.9
194,0.9333333333333333,1.0,0.8888888888888888
195,0.9333333333333333,1.0,0.8888888888888888
196,0.7333333333333333,1.0,0.6363636363636364
197,0.7333333333333333,0.8,0.7
198,0.9333333333333333,1.0,0.8888888888888888
199,0.8,1.0,0.7
200,0.9333333333333333,0.875,1.0
201,0.8666666666666667,1.0,0.75
202,0.8,0.625,1.0
203,0.8,1.0,0.7
204,0.9333333333333333,0.875,1.0
205,0.8,1.0,0.7
206,0.8,1.0,0.7
207,1.0,1.0,1.0
208,0.8666666666666667,1.0,0.8333333333333334
209,0.8,0.8571428571428571,0.75
210,0.8,1.0,0.7272727272727273
211,0.6666666666666666,1.0,0.375
212,0.7333333333333333,0.8571428571428571,0.625
213,0.8666666666666667,1.0,0.8461538461538461
214,0.8666666666666667,1.0,0.8
215,0.7333333333333333,1.0,0.6666666666666666
216,0.9333333333333333,1.0,0.9090909090909091
217,0.8,0.75,0.8181818181818182
218,0.7333333333333333,0.6666666666666666,0.7777777777777778
219,0.6,0.6,0.6
220,0.8666666666666667,0.8571428571428571,0.875
221,0.8666666666666667,1.0,0.8181818181818182
222,0.8666666666666667,1.0,0.7142857142857143
223,0.8666666666666667,1.0,0.75
224,0.8,1.0,0.625
225,0.8,0.875,0.7142857142857143
226,0.8,0.7777777777777778,0.8333333333333334
227,0.6666666666666666,1.0,0.5454545454545454
228,0.8,1.0,0.7
229,0.8666666666666667,0.8,0.9
230,0.8666666666666667,1.0,0.7777777777777778
231,0.8,1.0,0.7
232,0.8666666666666667,1.0,0.7777777777777778
233,0.8666666666666667,1.0,0.7142857142857143
234,0.8666666666666667,0.875,0.8571428571428571
235,0.7333333333333333,1.0,0.5555555555555556
236,0.8,1.0,0.7272727272727273
237,0.8666666666666667,0.8,0.9
238,0.9333333333333333,1.0,0.9090909090909091
239,0.8666666666666667,1.0,0.8181818181818182
240,0.7333333333333333,0.6666666666666666,0.8333333333333334
241,0.7333333333333333,0.8571428571428571,0.625
242,0.9333333333333333,1.0,0.8888888888888888
243,0.7333333333333333,0.8333333333333334,0.6666666666666666
244,0.8,1.0,0.7
245,0.8,0.8,0.8
246,0.9333333333333333,1.0,0.9230769230769231
247,0.7333333333333333,0.75,0.7272727272727273
248,0.7333333333333333,0.8571428571428571,0.625
249,0.8666666666666667,1.0,0.7777777777777778
250,0.7333333333333333,1.0,0.6363636363636364
251,0.7333333333333333,1.0,0.6363636363636364
252,1.0,1.0,1.0
253,0.9333333333333333,1.0,0.875
254,0.8,0.6666666666666666,0.8888888888888888
255,0.8666666666666667,0.8333333333333334,0.8888888888888888
256,0.8,1.0,0.7
257,0.7333333333333333,0.8888888888888888,0.5
258,0.8666666666666667,1.0,0.8
259,0.7333333333333333,0.8333333333333334,0.6666666666666666
260,0.8666666666666667,1.0,0.8
261,0.8,0.6666666666666666,0.8888888888888888
262,0.8,1.0,0.7272727272727273
263,0.7333333333333333,0.8,0.7
264,0.7333333333333333,1.0,0.5555555555555556
265,1.0,1.0,1.0
266,0.7333333333333333,1.0,0.6666666666666666
267,0.6,0.5555555555555556,0.6666666666666666
268,0.7333333333333333,0.8333333333333334,0.6666666666666666
269,0.8,0.8,0.8
270,0.4666666666666667,0.2,0.6
271,0.6,0.4,0.7
272,0.7333333333333333,1.0,0.6
273,0.8,1.0,0.7
274,0.8666666666666667,1.0,0.75
275,0.7333333333333333,1.0,0.5
276,0.6666666666666666,0.5714285714285714,0.75
277,0.8,0.8333333333333334,0.7777777777777778
278,0.7333333333333333,0.8333333333333334,0.6666666666666666
279,0.7333333333333333,1.0,0.5555555555555556
280,0.7333333333333333,1.0,0.7142857142857143
281,0.8666666666666667,1.0,0.75
282,0.8,0.75,0.8181818181818182
283,0.6,0.7142857142857143,0.5
284,0.9333333333333333,1.0,0.9
285,0.7333333333333333,1.0,0.6
286,0.8666666666666667,0.75,0.9090909090909091
287,0.8666666666666667,0.5,0.9230769230769231
288,0.7333333333333333,0.75,0.7142857142857143
289,0.8,1.0,0.7272727272727273
290,0.8,1.0,0.6666666666666666
291,0.7333333333333333,1.0,0.6
292,0.8666666666666667,0.6666666666666666,1.0
293,0.8666666666666667,1.0,0.8333333333333334
294,0.8,1.0,0.7272727272727273
295,0.9333333333333333,1.0,0.9
296,0.5333333333333333,1.0,0.36363636363636365
297,0.8,0.4,1.0
298,0.8,1.0,0.625
299,0.8,0.875,0.7142857142857143
300,0.7333333333333333,0.625,0.8571428571428571
301,0.8,1.0,0.7
302,0.8,0.8,0.8
303,0.7333333333333333,0.625,0.8571428571428571
304,0.9333333333333333,1.0,0.9
305,0.8666666666666667,0.7142857142857143,1.0
306,0.8666666666666667,0.8,0.9
307,0.7333333333333333,1.0,0.5555555555555556
308,0.7333333333333333,0.7142857142857143,0.75
309,0.8666666666666667,1.0,0.7777777777777778
310,1.0,1.0,1.0
311,0.8,1.0,0.75
312,0.9333333333333333,1.0,0.9
313,0.8,1.0,0.7272727272727273
314,0.8666666666666667,1.0,0.8
315,0.8666666666666667,1.0,0.8
316,0.8,0.7777777777777778,0.8333333333333334
317,0.8666666666666667,1.0,0.8
318,0.6666666666666666,1.0,0.5833333333333334
319,0.8666666666666667,1.0,0.7777777777777778
320,0.7333333333333333,1.0,0.5555555555555556
321,0.9333333333333333,0.8571428571428571,1.0
322,0.8,0.8571428571428571,0.75
323,0.9333333333333333,1.0,0.8571428571428571
324,0.8,0.875,0.7142857142857143
325,0.7333333333333333,1.0,0.6666666666666666
326,0.8666666666666667,1.0,0.8181818181818182
327,0.8,1.0,0.7
328,0.8666666666666667,0.75,1.0
329,1.0,1.0,1.0
330,0.8666666666666667,0.875,0.8571428571428571
331,0.5333333333333333,0.7142857142857143,0.375
332,0.6666666666666666,0.8571428571428571,0.5
333,0.8666666666666667,1.0,0.8
334,0.8,0.5714285714285714,1.0
335,0.8,0.6666666666666666,0.8888888888888888
336,0.8666666666666667,0.75,1.0
337,0.8666666666666667,1.0,0.8
338,0.8666666666666667,0.6,1.0
339,0.9333333333333333,1.0,0.8888888888888888
340,0.8,0.8333333333333334,0.7777777777777778
341,0.8666666666666667,1.0,0.7142857142857143
342,0.8,0.75,0.8181818181818182
343,0.9333333333333333,1.0,0.9
344,0.8,0.875,0.7142857142857143
345,0.8666666666666667,0.75,0.9090909090909091
346,0.9333333333333333,1.0,0.8333333333333334
347,0.8,0.8333333333333334,0.7777777777777778
348,0.7333333333333333,0.8333333333333334,0.6666666666666666
349,0.8,0.875,0.7142857142857143
350,0.9333333333333333,0.8333333333333334,1.0
351,0.8,0.8,0.8
352,0.7333333333333333,0.8333333333333334,0.6666666666666666
353,1.0,1.0,1.0
354,0.7333333333333333,0.875,0.5714285714285714
355,0.9333333333333333,1.0,0.8571428571428571
356,0.8,0.75,0.8571428571428571
357,0.8666666666666667,1.0,0.8181818181818182
358,0.8666666666666667,1.0,0.8
359,0.8,0.75,0.8571428571428571
360,0.6666666666666666,1.0,0.5833333333333334
361,0.9333333333333333,1.0,0.8888888888888888
362,0.8,1.0,0.7272727272727273
363,0.8666666666666667,1.0,0.8181818181818182
364,0.8,0.8333333333333334,0.7777777777777778
365,0.9333333333333333,1.0,0.9
366,0.8,0.8,0.8
367,0.9333333333333333,0.8333333333333334,1.0
368,0.9333333333333333,1.0,0.9090909090909091
369,0.8666666666666667,0.8333333333333334,0.8888888888888888
370,0.7333333333333333,0.6666666666666666,0.7777777777777778
371,0.9333333333333333,1.0,0.8888888888888888
372,0.6666666666666666,0.5714285714285714,0.75
373,0.9333333333333333,1.0,0.8571428571428571
374,0.8,0.8333333333333334,0.7777777777777778
375,0.8666666666666667,1.0,0.8461538461538461
376,0.6666666666666666,1.0,0.5
377,0.8,1.0,0.6666666666666666
378,0.8,0.8333333333333334,0.7777777777777778
379,0.8666666666666667,0.8,1.0
380,0.7333333333333333,0.75,0.7272727272727273
381,0.8666666666666667,1.0,0.8
382,0.8,1.0,0.7
383,0.8666666666666667,0.8333333333333334,0.8888888888888888
384,0.8,0.7777777777777778,0.8333333333333334
385,1.0,1.0,1.0
386,0.8,0.8333333333333334,0.7777777777777778
387,0.6666666666666666,0.4,0.8
388,0.8666666666666667,1.0,0.7142857142857143
389,0.8,1.0,0.75
390,0.9333333333333333,1.0,0.8888888888888888
391,0.8,1.0,0.75
392,0.7333333333333333,0.7142857142857143,0.75
393,0.8666666666666667,0.8571428571428571,0.875
394,0.8666666666666667,1.0,0.7777777777777778
395,0.6666666666666666,0.5,0.7272727272727273
396,0.8666666666666667,1.0,0.75
397,0.6666666666666666,0.75,0.6363636363636364
398,0.8666666666666667,1.0,0.8
399,1.0,1.0,1.0
400,0.9333333333333333,1.0,0.9090909090909091
401,0.8666666666666667,1.0,0.8181818181818182
402,0.7333333333333333,0.6666666666666666,0.7777777777777778
403,0.8,0.8571428571428571,0.75
404,0.9333333333333333,1.0,0.8888888888888888
405,0.8,1.0,0.7
406,0.6,0.375,0.8571428571428571
407,0.8666666666666667,0.75,0.9090909090909091
408,0.9333333333333333,1.0,0.875
409,0.5333333333333333,0.5,0.5555555555555556
410,0.8,1.0,0.7
411,0.8,1.0,0.7
412,0.8666666666666667,0.8,0.9
413,0.7333333333333333,1.0,0.6363636363636364
414,1.0,1.0,1.0
415,0.8666666666666667,0.9,0.8
416,0.7333333333333333,1.0,0.6923076923076923
417,0.6,0.6666666666666666,0.5555555555555556
418,0.7333333333333333,0.8571428571428571,0.625
419,0.7333333333333333,0.75,0.7272727272727273
420,0.8,1.0,0.7272727272727273
421,0.5333333333333333,1.0,0.36363636363636365
422,0.8,0.8571428571428571,0.75
423,0.9333333333333333,1.0,0.8888888888888888
424,0.7333333333333333,0.6666666666666666,0.8333333333333334
425,0.8,1.0,0.7272727272727273
426,0.6,0.5,0.6666666666666666
427,0.8,0.8571428571428571,0.75
428,0.9333333333333333,0.8333333333333334,1.0
429,0.8666666666666667,0.8,0.9
430,0.7333333333333333,1.0,0.5555555555555556
431,0.8666666666666667,1.0,0.8181818181818182
432,0.9333333333333333,1.0,0.8333333333333334
433,0.7333333333333333,0.6666666666666666,0.8333333333333334
434,0.9333333333333333,0.8333333333333334,1.0
435,0.7333333333333333,1.0,0.6
436,0.8,0.75,0.8181818181818182
437,0.6666666666666666,1.0,0.5454545454545454
438,0.9333333333333333,1.0,0.8888888888888888
439,0.8666666666666667,1.0,0.8333333333333334
440,0.6666666666666666,0.25,0.8181818181818182
441,0.8666666666666667,0.75,0.9090909090909091
442,0.9333333333333333,1.0,0.9090909090909091
443,0.8,0.7777777777777778,0.8333333333333334
444,0.8666666666666667,1.0,0.75
445,0.8,1.0,0.7
446,0.8666666666666667,0.8333333333333334,0.8888888888888888
447,0.7333333333333333,0.6,1.0
448,0.8666666666666667,1.0,0.7777777777777778
449,0.8,1.0,0.7272727272727273
450,0.7333333333333333,0.75,0.7142857142857143
451,0.7333333333333333,0.6666666666666666,0.75
452,0.8666666666666667,0.8888888888888888,0.8333333333333334
453,0.9333333333333333,0.8,1.0
454,0.8666666666666667,1.0,0.75
455,1.0,1.0,1.0
456,0.8666666666666667,1.0,0.7142857142857143
457,0.9333333333333333,0.8333333333333334,1.0
458,0.7333333333333333,0.8333333333333334,0.6666666666666666
459,0.7333333333333333,0.8,0.7
460,1.0,1.0,1.0
461,0.8666666666666667,0.8,0.9
462,1.0,1.0,1.0
463,0.7333333333333333,1.0,0.5
464,0.8,1.0,0.625
465,0.9333333333333333,0.8333333333333334,1.0
466,0.8666666666666667,1.0,0.8
467,0.8666666666666667,1.0,0.7777777777777778
468,0.8,0.875,0.7142857142857143
469,0.9333333333333333,1.0,0.9090909090909091
470,0.8,1.0,0.6666666666666666
471,0.6666666666666666,0.6,0.7
472,0.7333333333333333,0.875,0.5714285714285714
473,0.8666666666666667,1.0,0.7777777777777778
474,0.9333333333333333,1.0,0.875
475,0.6666666666666666,1.0,0.4444444444444444
476,0.6,0.7142857142857143,0.5
477,0.6,1.0,0.5384615384615384
478,0.6666666666666666,0.8571428571428571,0.5
479,0.8,1.0,0.7692307692307693
480,0.8666666666666667,1.0,0.8
481,0.8,0.7142857142857143,0.875
482,1.0,1.0,1.0
483,0.8666666666666667,1.0,0.7777777777777778
484,0.6666666666666666,0.6666666666666666,0.6666666666666666
485,0.6666666666666666,0.6666666666666666,0.6666666666666666
486,0.8,0.7777777777777778,0.8333333333333334
487,0.7333333333333333,0.75,0.7272727272727273
488,0.7333333333333333,0.8571428571428571,0.625
489,0.9333333333333333,1.0,0.9166666666666666
490,0.7333333333333333,0.8333333333333334,0.6666666666666666
491,0.8666666666666667,1.0,0.7777777777777778
492,0.7333333333333333,1.0,0.6363636363636364
493,0.6666666666666666,1.0,0.4444444444444444
494,0.7333333333333333,0.8333333333333334,0.6666666666666666
495,0.8,0.8571428571428571,0.75
496,0.8666666666666667,1.0,0.8333333333333334
497,0.7333333333333333,1.0,0.6666666666666666
498,0.8,0.9,0.6
499,0.8666666666666667,1.0,0.8181818181818182
500,0.8,1.0,0.5
501,0.8666666666666667,1.0,0.75
502,0.8666666666666667,1.0,0.8333333333333334
503,0.7333333333333333,1.0,0.6363636363636364
504,0.7333333333333333,0.8333333333333334,0.6666666666666666
505,0.9333333333333333,0.9,1.0
506,0.9333333333333333,1.0,0.8888888888888888
507,0.8,0.75,0.8181818181818182
508,0.7333333333333333,0.8571428571428571,0.625
509,0.9333333333333333,1.0,0.8888888888888888
510,0.8,1.0,0.7272727272727273
511,0.8666666666666667,1.0,0.7142857142857143
512,0.9333333333333333,1.0,0.8888888888888888
513,0.8,1.0,0.75
514,0.8,1.0,0.6666666666666666
515,0.8,0.7272727272727273,1.0
516,0.9333333333333333,0.8333333333333334,1.0
517,0.6666666666666666,0.75,0.6363636363636364
518,1.0,1.0,1.0
519,0.9333333333333333,1.0,0.8888888888888888
520,0.8666666666666667,0.8571428571428571,0.875
521,0.7333333333333333,0.7777777777777778,0.6666666666666666
522,0.6666666666666666,0.75,0.6363636363636364
523,0.9333333333333333,1.0,0.875
524,0.7333333333333333,0.75,0.7272727272727273
525,0.7333333333333333,0.75,0.7142857142857143
526,0.7333333333333333,1.0,0.5
527,1.0,1.0,1.0
528,0.8,1.0,0.75
529,0.6666666666666666,0.8,0.6
530,0.9333333333333333,1.0,0.875
531,0.7333333333333333,0.7142857142857143,0.75
532,1.0,1.0,1.0
533,0.9333333333333333,1.0,0.9
534,0.9333333333333333,1.0,0.8571428571428571
535,0.8,0.7777777777777778,0.8333333333333334
536,0.9333333333333333,1.0,0.8888888888888888
537,0.8,1.0,0.7692307692307693
538,0.7333333333333333,1.0,0.6666666666666666
539,0.7333333333333333,1.0,0.6363636363636364
540,0.9333333333333333,1.0,0.9090909090909091
541,0.6666666666666666,0.625,0.7142857142857143
542,0.6,1.0,0.5
543,0.8666666666666667,0.8,0.9
544,0.8,0.8571428571428571,0.75
545,0.7333333333333333,0.8333333333333334,0.6666666666666666
546,0.8,1.0,0.7272727272727273
547,0.7333333333333333,0.8,0.7
548,0.7333333333333333,0.6666666666666666,0.7777777777777778
549,0.8,0.8,0.8
550,0.7333333333333333,1.0,0.6
551,0.7333333333333333,0.7142857142857143,0.75
552,0.8666666666666667,1.0,0.75
553,0.8666666666666667,1.0,0.75
554,0.7333333333333333,0.8571428571428571,0.625
555,0.8,0.8333333333333334,0.7777777777777778
556,0.8666666666666667,1.0,0.75
557,0.8,0.75,0.8571428571428571
558,0.8,0.75,0.8181818181818182
559,0.8,0.8333333333333334,0.7777777777777778
560,0.8,1.0,0.7
561,0.8,1.0,0.6666666666666666
562,0.8666666666666667,1.0,0.8
563,0.8666666666666667,1.0,0.7777777777777778
564,0.8666666666666667,1.0,0.75
565,0.8,1.0,0.625
566,0.8,0.8333333333333334,0.7777777777777778
567,0.7333333333333333,0.75,0.7272727272727273
568,0.6666666666666666,0.5,1.0
569,0.8666666666666667,1.0,0.75
570,0.8,1.0,0.7
571,0.8666666666666667,0.9,0.8
572,0.8666666666666667,0.8333333333333334,0.8888888888888888
573,0.9333333333333333,1.0,0.875
574,0.8,1.0,0.7272727272727273
575,0.8666666666666667,0.8181818181818182,1.0
576,0.6,1.0,0.5714285714285714
577,0.8666666666666667,0.8,1.0
578,1.0,1.0,1.0
579,0.7333333333333333,1.0,0.5555555555555556
580,0.9333333333333333,1.0,0.8888888888888888
581,0.7333333333333333,0.7142857142857143,0.75
582,0.8,0.7142857142857143,0.875
583,0.7333333333333333,1.0,0.7142857142857143
584,0.8666666666666667,0.8888888888888888,0.8333333333333334
585,0.5333333333333333,1.0,0.4166666666666667
586,0.8666666666666667,0.8571428571428571,0.875
587,0.8666666666666667,1.0,0.8
588,0.9333333333333333,1.0,0.8888888888888888
589,0.8666666666666667,0.8571428571428571,0.875
590,0.8666666666666667,1.0,0.8181818181818182
591,0.8,1.0,0.7
592,0.9333333333333333,1.0,0.9
593,0.9333333333333333,1.0,0.8888888888888888
594,0.9333333333333333,1.0,0.9090909090909091
595,0.9333333333333333,0.875,1.0
596,0.9333333333333333,1.0,0.9
597,0.6666666666666666,0.5714285714285714,0.75
598,0.8,1.0,0.625
599,0.8666666666666667,1.0,0.7142857142857143
600,0.9333333333333333,1.0,0.8888888888888888
601,0.8,1.0,0.7272727272727273
602,0.8,0.6666666666666666,0.8888888888888888
603,0.8666666666666667,1.0,0.75
604,0.8666666666666667,0.75,0.9090909090909091
605,0.7333333333333333,1.0,0.6666666666666666
606,0.8666666666666667,1.0,0.7777777777777778
607,0.6666666666666666,0.5,0.7272727272727273
608,0.8666666666666667,0.7142857142857143,1.0
609,0.8,0.75,0.8181818181818182
610,1.0,1.0,1.0
611,0.8,0.8333333333333334,0.7777777777777778
612,0.8666666666666667,1.0,0.6666666666666666
613,0.8666666666666667,1.0,0.8181818181818182
614,0.8666666666666667,1.0,0.75
615,0.8,1.0,0.7272727272727273
616,1.0,1.0,1.0
617,0.9333333333333333,1.0,0.9166666666666666
618,0.6666666666666666,0.8333333333333334,0.5555555555555556
619,0.7333333333333333,1.0,0.6
620,0.8666666666666667,1.0,0.7777777777777778
621,0.8666666666666667,0.8,0.9
622,0.9333333333333333,1.0,0.875
623,0.8666666666666667,0.8,0.9
624,0.8666666666666667,0.8333333333333334,0.8888888888888888
625,0.8,1.0,0.7272727272727273
626,0.6666666666666666,0.8333333333333334,0.5555555555555556
627,0.8666666666666667,1.0,0.8
628,0.8,1.0,0.7
629,0.9333333333333333,1.0,0.8888888888888888
630,0.8,1.0,0.7272727272727273
631,1.0,1.0,1.0
632,0.8,1.0,0.625
633,0.7333333333333333,0.8571428571428571,0.625
634,0.8,0.8,0.8
635,0.8666666666666667,1.0,0.7142857142857143
636,0.8,0.7777777777777778,0.8333333333333334
637,0.8,0.8333333333333334,0.7777777777777778
638,0.8,0.8571428571428571,0.75
639,0.8,0.8,0.8
640,0.9333333333333333,1.0,0.8888888888888888
641,0.8,0.6,0.9
642,0.8666666666666667,1.0,0.8181818181818182
643,0.8,0.8,0.8
644,0.8666666666666667,0.8333333333333334,0.8888888888888888
645,0.8,0.8571428571428571,0.75
646,0.8,0.8571428571428571,0.75
647,0.7333333333333333,0.8333333333333334,0.6666666666666666
648,0.7333333333333333,0.7142857142857143,0.75
649,0.9333333333333333,1.0,0.875
650,0.8666666666666667,1.0,0.7777777777777778
651,0.7333333333333333,0.8,0.7
652,0.8666666666666667,0.8571428571428571,0.875
653,0.8666666666666667,0.8333333333333334,0.8888888888888888
654,0.8666666666666667,0.7142857142857143,1.0
655,0.6666666666666666,0.3333333333333333,0.8888888888888888
656,0.7333333333333333,0.8,0.7
657,0.8,0.8571428571428571,0.75
658,0.9333333333333333,0.8571428571428571,1.0
659,0.8,0.75,0.8181818181818182
660,1.0,1.0,1.0
661,0.8,1.0,0.6666666666666666
662,0.8,0.6,0.9
663,0.8666666666666667,0.8333333333333334,0.8888888888888888
664,0.9333333333333333,1.0,0.9166666666666666
665,0.9333333333333333,0.8333333333333334,1.0
666,0.9333333333333333,1.0,0.9
667,0.8,0.875,0.7142857142857143
668,0.8,0.8333333333333334,0.7777777777777778
669,0.7333333333333333,0.8,0.7
670,0.8,1.0,0.75
671,0.8,0.6666666666666666,0.8888888888888888
672,0.7333333333333333,0.8333333333333334,0.6666666666666666
673,0.6,0.5,0.8
674,0.9333333333333333,0.875,1.0
675,0.8666666666666667,1.0,0.7777777777777778
676,0.8,0.8571428571428571,0.75
677,0.6666666666666666,0.7142857142857143,0.625
678,0.9333333333333333,0.8571428571428571,1.0
679,0.8666666666666667,0.8333333333333334,0.8888888888888888
680,0.7333333333333333,0.8333333333333334,0.6666666666666666
681,0.9333333333333333,0.8571428571428571,1.0
682,0.9333333333333333,0.8571428571428571,1.0
683,0.9333333333333333,0.8,1.0
684,0.6,0.6,0.6
685,0.6666666666666666,0.75,0.6363636363636364
686,0.8,1.0,0.7272727272727273
687,0.8666666666666667,1.0,0.8181818181818182
688,0.9333333333333333,0.8571428571428571,1.0
689,0.6666666666666666,1.0,0.5
690,1.0,1.0,1.0
691,0.7333333333333333,0.4,0.9
692,0.8666666666666667,1.0,0.7777777777777778
693,0.9333333333333333,1.0,0.9
694,0.9333333333333333,1.0,0.875
695,0.8666666666666667,1.0,0.8
696,0.8666666666666667,1.0,0.8461538461538461
697,0.9333333333333333,0.875,1.0
698,0.6666666666666666,0.8333333333333334,0.5555555555555556
699,0.8666666666666667,1.0,0.8181818181818182
700,0.8,1.0,0.7
701,0.8666666666666667,1.0,0.8181818181818182
702,0.6666666666666666,1.0,0.5
703,0.8,1.0,0.7272727272727273
704,0.8666666666666667,1.0,0.8333333333333334
705,0.8666666666666667,1.0,0.75
706,0.7333333333333333,1.0,0.6363636363636364
707,0.9333333333333333,1.0,0.8888888888888888
708,0.9333333333333333,1.0,0.8888888888888888
709,0.8666666666666667,1.0,0.8181818181818182
710,0.8,0.625,1.0
711,0.8666666666666667,1.0,0.8
712,0.8,0.6666666666666666,0.8888888888888888
713,0.6666666666666666,0.75,0.6363636363636364
714,0.9333333333333333,1.0,0.9
715,0.6666666666666666,1.0,0.5
716,0.8666666666666667,0.75,0.9090909090909091
717,0.9333333333333333,1.0,0.9230769230769231
718,0.8,0.8333333333333334,0.7777777777777778
719,0.8,1.0,0.7
720,0.7333333333333333,1.0,0.5
721,0.8,1.0,0.6666666666666666
722,0.6666666666666666,0.8,0.6
723,0.8,0.7142857142857143,0.875
724,0.7333333333333333,1.0,0.5555555555555556
725,0.8666666666666667,1.0,0.8
726,0.9333333333333333,1.0,0.875
727,0.8,0.6666666666666666,0.8888888888888888
728,0.7333333333333333,0.8333333333333334,0.6666666666666666
729,0.9333333333333333,1.0,0.9090909090909091
730,0.8,1.0,0.7
731,0.8666666666666667,0.8571428571428571,0.875
732,0.9333333333333333,1.0,0.9
733,0.7333333333333333,1.0,0.6
734,0.8666666666666667,1.0,0.7777777777777778
735,0.6666666666666666,0.8571428571428571,0.5
736,0.9333333333333333,1.0,0.9
737,0.8666666666666667,0.6,1.0
738,0.8666666666666667,0.8,0.9
739,0.6,0.6666666666666666,0.5555555555555556
740,0.9333333333333333,1.0,0.8888888888888888
741,0.8,1.0,0.625
742,1.0,1.0,1.0
743,0.6,1.0,0.3333333333333333
744,0.8666666666666667,0.75,1.0
745,0.8666666666666667,1.0,0.8
746,0.7333333333333333,1.0,0.6363636363636364
747,0.8,0.8333333333333334,0.7777777777777778
748,0.8666666666666667,0.6,1.0
749,0.8666666666666667,1.0,0.8
750,0.5333333333333333,0.6,0.5
751,0.7333333333333333,1.0,0.5
752,0.9333333333333333,0.8,1.0
753,0.6666666666666666,0.6,0.7
754,1.0,1.0,1.0
755,0.7333333333333333,1.0,0.6
756,0.7333333333333333,1.0,0.6666666666666666
757,0.9333333333333333,1.0,0.9
758,0.8,0.6666666666666666,0.8333333333333334
759,0.7333333333333333,1.0,0.5555555555555556
760,0.9333333333333333,1.0,0.9
761,0.8666666666666667,1.0,0.7142857142857143
762,0.8666666666666667,0.8571428571428571,0.875
763,1.0,1.0,1.0
764,0.7333333333333333,0.75,0.7272727272727273
765,0.7333333333333333,1.0,0.6
766,0.8,0.8333333333333334,0.7777777777777778
767,0.9333333333333333,1.0,0.9230769230769231
768,0.8666666666666667,1.0,0.8
769,0.7333333333333333,0.8571428571428571,0.625
770,0.9333333333333333,0.8333333333333334,1.0
771,0.9333333333333333,1.0,0.9
772,0.8666666666666667,1.0,0.8
773,0.7333333333333333,1.0,0.6
774,0.9333333333333333,0.75,1.0
775,0.9333333333333333,1.0,0.875
776,0.8666666666666667,0.8333333333333334,0.8888888888888888
777,0.8666666666666667,0.8,0.9
778,0.9333333333333333,0.8571428571428571,1.0
779,0.7333333333333333,0.5714285714285714,0.875
780,0.8666666666666667,0.8333333333333334,0.8888888888888888
781,0.8666666666666667,0.8,0.9
782,0.8666666666666667,0.8,0.9
783,0.9333333333333333,1.0,0.8888888888888888
784,0.8666666666666667,1.0,0.75
785,0.8,1.0,0.6666666666666666
786,0.8666666666666667,1.0,0.8181818181818182
787,0.6666666666666666,0.7142857142857143,0.625
788,0.6666666666666666,0.75,0.5714285714285714
789,0.6666666666666666,0.8333333333333334,0.5555555555555556
790,0.9333333333333333,1.0,0.8571428571428571
791,0.9333333333333333,0.8571428571428571,1.0
792,0.7333333333333333,1.0,0.6
793,0.8,1.0,0.7272727272727273
794,0.9333333333333333,1.0,0.9
795,0.8,0.75,0.8181818181818182
796,0.9333333333333333,1.0,0.875
797,0.9333333333333333,1.0,0.8888888888888888
798,0.8666666666666667,0.8571428571428571,0.875
799,0.7333333333333333,1.0,0.5555555555555556
800,0.7333333333333333,0.8333333333333334,0.6666666666666666
801,0.8,1.0,0.6666666666666666
802,0.8,1.0,0.6666666666666666
803,1.0,1.0,1.0
804,0.6,0.75,0.5454545454545454
805,0.8,1.0,0.75
806,0.9333333333333333,1.0,0.8571428571428571
807,0.8666666666666667,1.0,0.75
808,0.9333333333333333,1.0,0.9
809,0.8666666666666667,1.0,0.8
810,0.6666666666666666,0.8,0.6
811,0.7333333333333333,0.8571428571428571,0.625
812,0.6666666666666666,1.0,0.4444444444444444
813,0.9333333333333333,1.0,0.9166666666666666
814,0.8666666666666667,1.0,0.8
815,0.7333333333333333,0.8333333333333334,0.6666666666666666
816,0.8,0.7142857142857143,0.875
817,1.0,1.0,1.0
818,0.8,1.0,0.7272727272727273
819,0.6,0.7142857142857143,0.5
820,0.6,1.0,0.4
821,0.7333333333333333,1.0,0.5555555555555556
822,0.8,1.0,0.625
823,0.8666666666666667,1.0,0.75
824,0.7333333333333333,1.0,0.6
825,0.6666666666666666,1.0,0.5454545454545454
826,0.7333333333333333,0.7,0.8
827,0.8,1.0,0.6666666666666666
828,0.8666666666666667,0.8333333333333334,0.8888888888888888
829,0.7333333333333333,1.0,0.6
830,0.8,0.75,0.8571428571428571
831,0.8,0.8571428571428571,0.75
832,0.9333333333333333,1.0,0.8888888888888888
833,0.8,0.875,0.7142857142857143
834,0.8666666666666667,0.8,0.9
835,0.9333333333333333,1.0,0.9090909090909091
836,0.7333333333333333,1.0,0.6666666666666666
837,0.8666666666666667,1.0,0.8
838,0.8666666666666667,0.875,0.8571428571428571
839,0.8666666666666667,1.0,0.8
840,0.9333333333333333,0.8571428571428571,1.0
841,0.8,0.75,0.8181818181818182
842,0.7333333333333333,1.0,0.6
843,0.7333333333333333,0.42857142857142855,1.0
844,0.6666666666666666,1.0,0.5
845,0.7333333333333333,0.6666666666666666,0.8333333333333334
846,0.7333333333333333,1.0,0.6
847,0.7333333333333333,0.75,0.7272727272727273
848,0.8,1.0,0.625
849,0.9333333333333333,0.75,1.0
850,0.9333333333333333,1.0,0.875
851,0.8,1.0,0.75
852,0.6666666666666666,0.75,0.6363636363636364
853,0.8,1.0,0.7
854,0.8666666666666667,1.0,0.8
855,0.8,0.8,0.8
856,0.8,1.0,0.625
857,0.8666666666666667,1.0,0.75
858,0.6666666666666666,0.6666666666666666,0.6666666666666666
859,0.9333333333333333,0.875,1.0
860,0.8666666666666667,1.0,0.8181818181818182
861,0.7333333333333333,0.6666666666666666,0.75
862,0.8666666666666667,0.7142857142857143,1.0
863,0.7333333333333333,0.625,0.8571428571428571
864,1.0,1.0,1.0
865,0.9333333333333333,1.0,0.8571428571428571
866,0.8,1.0,0.6666666666666666
867,0.9333333333333333,1.0,0.8888888888888888
868,0.8,1.0,0.6666666666666666
869,0.8,1.0,0.625
870,0.8666666666666667,1.0,0.8
871,0.8666666666666667,1.0,0.75
872,0.6666666666666666,1.0,0.6153846153846154
873,0.8666666666666667,1.0,0.8333333333333334
874,0.8666666666666667,0.8,0.9
875,0.8,0.8,0.8
876,0.7333333333333333,0.6666666666666666,0.7777777777777778
877,0.9333333333333333,1.0,0.8888888888888888
878,0.7333333333333333,0.7142857142857143,0.75
879,0.9333333333333333,1.0,0.8888888888888888
880,0.6666666666666666,0.6666666666666666,0.6666666666666666
881,0.8666666666666667,0.8333333333333334,0.8888888888888888
882,0.9333333333333333,1.0,0.9166666666666666
883,0.8666666666666667,0.8,0.9
884,0.8,0.875,0.7142857142857143
885,0.8666666666666667,0.8888888888888888,0.8333333333333334
886,0.9333333333333333,0.8,1.0
887,0.8666666666666667,1.0,0.8181818181818182
888,0.8,0.8333333333333334,0.7777777777777778
889,0.8666666666666667,1.0,0.8461538461538461
890,0.7333333333333333,0.875,0.5714285714285714
891,0.9333333333333333,1.0,0.9090909090909091
892,0.8,0.8571428571428571,0.75
893,0.8,1.0,0.7272727272727273
894,0.7333333333333333,0.7142857142857143,0.75
895,0.8,1.0,0.75
896,0.9333333333333333,1.0,0.875
897,0.7333333333333333,1.0,0.5555555555555556
898,1.0,1.0,1.0
899,0.8666666666666667,1.0,0.7777777777777778
900,0.7333333333333333,1.0,0.6363636363636364
901,0.7333333333333333,0.7142857142857143,0.75
902,0.7333333333333333,1.0,0.6666666666666666
903,1.0,1.0,1.0
904,0.8,1.0,0.6666666666666666
905,0.8666666666666667,0.8333333333333334,0.8888888888888888
906,0.8,1.0,0.75
907,0.7333333333333333,1.0,0.6363636363636364
908,0.9333333333333333,0.8333333333333334,1.0
909,0.8666666666666667,0.875,0.8571428571428571
910,0.8666666666666667,1.0,0.7777777777777778
911,0.9333333333333333,1.0,0.8888888888888888
912,0.8666666666666667,1.0,0.75
913,0.9333333333333333,1.0,0.8888888888888888
914,0.8666666666666667,1.0,0.7142857142857143
915,0.8,1.0,0.625
916,0.9333333333333333,1.0,0.8
917,0.8,0.6666666666666666,0.8888888888888888
918,0.7333333333333333,0.75,0.7272727272727273
919,0.8666666666666667,1.0,0.7777777777777778
920,0.8666666666666667,1.0,0.7777777777777778
921,0.7333333333333333,0.8,0.7
922,0.9333333333333333,1.0,0.8888888888888888
923,0.8666666666666667,0.7777777777777778,1.0
924,0.8,1.0,0.7
925,0.9333333333333333,1.0,0.8888888888888888
926,0.8,1.0,0.7272727272727273
927,0.8,0.8,0.8
928,0.7333333333333333,0.7142857142857143,0.75
929,0.8,0.8,0.8
930,0.6666666666666666,0.7142857142857143,0.625
931,0.6666666666666666,0.7,0.6
932,0.8666666666666667,0.8,0.9
933,0.9333333333333333,1.0,0.9090909090909091
934,0.8,0.8571428571428571,0.75
935,0.8666666666666667,0.8888888888888888,0.8333333333333334
936,0.8666666666666667,0.75,0.9090909090909091
937,0.7333333333333333,1.0,0.6363636363636364
938,0.8666666666666667,0.8,0.9
939,0.8666666666666667,1.0,0.7777777777777778
940,0.8,0.6666666666666666,0.8888888888888888
941,0.8666666666666667,0.75,0.9090909090909091
942,0.7333333333333333,0.8,0.7
943,0.9333333333333333,0.8333333333333334,1.0
944,0.8,0.8333333333333334,0.7777777777777778
945,0.6666666666666666,1.0,0.5454545454545454
946,0.7333333333333333,1.0,0.6
947,0.8666666666666667,1.0,0.8
948,0.9333333333333333,1.0,0.8571428571428571
949,0.8,0.8571428571428571,0.75
950,0.8,1.0,0.6666666666666666
951,0.8666666666666667,0.8333333333333334,0.8888888888888888
952,0.9333333333333333,1.0,0.9
953,0.9333333333333333,1.0,0.8888888888888888
954,0.7333333333333333,0.7142857142857143,0.75
955,0.9333333333333333,1.0,0.9
956,0.9333333333333333,1.0,0.9090909090909091
957,0.6,1.0,0.5384615384615384
958,0.8666666666666667,1.0,0.8181818181818182
959,0.6666666666666666,0.6666666666666666,0.6666666666666666
960,0.7333333333333333,0.8333333333333334,0.6666666666666666
961,0.7333333333333333,0.8333333333333334,0.6666666666666666
962,0.9333333333333333,1.0,0.9
963,0.8,0.75,0.8181818181818182
964,0.8666666666666667,0.75,0.9090909090909091
965,0.8,1.0,0.7
966,0.8,0.8,0.8
967,0.7333333333333333,1.0,0.6363636363636364
968,0.7333333333333333,0.8,0.7
969,0.9333333333333333,1.0,0.9
970,0.8666666666666667,1.0,0.8
971,0.9333333333333333,1.0,0.875
972,0.8666666666666667,0.875,0.8571428571428571
973,1.0,1.0,1.0
974,0.8,0.875,0.7142857142857143
975,0.7333333333333333,1.0,0.6666666666666666
976,0.9333333333333333,1.0,0.8888888888888888
977,0.8,0.8,0.8
978,0.7333333333333333,0.6,0.8
979,0.7333333333333333,0.8571428571428571,0.625
980,0.9333333333333333,0.75,1.0
981,0.8,1.0,0.6666666666666666
982,1.0,1.0,1.0
983,0.8,1.0,0.7
984,0.6666666666666666,1.0,0.5454545454545454
985,0.7333333333333333,1.0,0.5555555555555556
986,0.8666666666666667,0.75,1.0
987,0.8,0.75,0.8181818181818182
988,0.8,1.0,0.625
989,0.8666666666666667,1.0,0.8
990,0.7333333333333333,0.8333333333333334,0.6666666666666666
991,0.8666666666666667,0.875,0.8571428571428571
992,0.8,1.0,0.6666666666666666
993,0.8,0.8333333333333334,0.7777777777777778
994,0.7333333333333333,1.0,0.6363636363636364
995,0.9333333333333333,0.8571428571428571,1.0
996,0.8666666666666667,0.8,0.9
997,0.8666666666666667,1.0,0.7777777777777778
998,0.8,1.0,0.7272727272727273
999,0.7333333333333333,1.0,0.6363636363636364
