fpr,tpr_mean,tpr_ci95,model,n_runs,n_features_run,test_size,cv_folds,param_scoring,mean_auc
0.0,0.0,0.1593787940724863,svc_random100_cv,10,10,0.3,5,accuracy,0.8857142857142856
0.002004008016032064,0.6285714285714284,0.1593787940724863,svc_random100_cv,10,10,0.3,5,accuracy,0.8857142857142856
0.004008016032064128,0.6285714285714284,0.1593787940724863,svc_random100_cv,10,10,0.3,5,accuracy,0.8857142857142856
0.0060120240480961915,0.6285714285714284,0.1593787940724863,svc_random100_cv,10,10,0.3,5,accuracy,0.8857142857142856
0.008016032064128256,0.6285714285714284,0.1593787940724863,svc_random100_cv,10,10,0.3,5,accuracy,0.8857142857142856
0.01002004008016032,0.6285714285714284,0.1593787940724863,svc_random100_cv,10,10,0.3,5,accuracy,0.8857142857142856
0.012024048096192383,0.6285714285714284,0.1593787940724863,svc_random100_cv,10,10,0.3,5,accuracy,0.8857142857142856
0.014028056112224447,0.6285714285714284,0.1593787940724863,svc_random100_cv,10,10,0.3,5,accuracy,0.8857142857142856
0.01603206412825651,0.6285714285714284,0.1593787940724863,svc_random100_cv,10,10,0.3,5,accuracy,0.8857142857142856
0.018036072144288574,0.6285714285714284,0.1593787940724863,svc_random100_cv,10,10,0.3,5,accuracy,0.8857142857142856
0.02004008016032064,0.6285714285714284,0.1593787940724863,svc_random100_cv,10,10,0.3,5,accuracy,0.8857142857142856
0.022044088176352703,0.6285714285714284,0.1593787940724863,svc_random100_cv,10,10,0.3,5,accuracy,0.8857142857142856
0.024048096192384766,0.6285714285714284,0.1593787940724863,svc_random100_cv,10,10,0.3,5,accuracy,0.8857142857142856
0.026052104208416832,0.6285714285714284,0.1593787940724863,svc_random100_cv,10,10,0.3,5,accuracy,0.8857142857142856
0.028056112224448895,0.6285714285714284,0.1593787940724863,svc_random100_cv,10,10,0.3,5,accuracy,0.8857142857142856
0.03006012024048096,0.6285714285714284,0.1593787940724863,svc_random100_cv,10,10,0.3,5,accuracy,0.8857142857142856
0.03206412825651302,0.6285714285714284,0.1593787940724863,svc_random100_cv,10,10,0.3,5,accuracy,0.8857142857142856
0.03406813627254509,0.6285714285714284,0.1593787940724863,svc_random100_cv,10,10,0.3,5,accuracy,0.8857142857142856
0.03607214428857715,0.6285714285714284,0.1593787940724863,svc_random100_cv,10,10,0.3,5,accuracy,0.8857142857142856
0.038076152304609215,0.6285714285714284,0.1593787940724863,svc_random100_cv,10,10,0.3,5,accuracy,0.8857142857142856
0.04008016032064128,0.6285714285714284,0.1593787940724863,svc_random100_cv,10,10,0.3,5,accuracy,0.8857142857142856
0.04208416833667334,0.6285714285714284,0.1593787940724863,svc_random100_cv,10,10,0.3,5,accuracy,0.8857142857142856
0.044088176352705406,0.6285714285714284,0.1593787940724863,svc_random100_cv,10,10,0.3,5,accuracy,0.8857142857142856
0.04609218436873747,0.6285714285714284,0.1593787940724863,svc_random100_cv,10,10,0.3,5,accuracy,0.8857142857142856
0.04809619238476953,0.6285714285714284,0.1593787940724863,svc_random100_cv,10,10,0.3,5,accuracy,0.8857142857142856
0.0501002004008016,0.6285714285714284,0.1593787940724863,svc_random100_cv,10,10,0.3,5,accuracy,0.8857142857142856
0.052104208416833664,0.6285714285714284,0.1593787940724863,svc_random100_cv,10,10,0.3,5,accuracy,0.8857142857142856
0.05410821643286573,0.6285714285714284,0.1593787940724863,svc_random100_cv,10,10,0.3,5,accuracy,0.8857142857142856
0.05611222444889779,0.6285714285714284,0.1593787940724863,svc_random100_cv,10,10,0.3,5,accuracy,0.8857142857142856
0.058116232464929855,0.6285714285714284,0.1593787940724863,svc_random100_cv,10,10,0.3,5,accuracy,0.8857142857142856
0.06012024048096192,0.6285714285714284,0.1593787940724863,svc_random100_cv,10,10,0.3,5,accuracy,0.8857142857142856
0.06212424849699398,0.6285714285714284,0.1593787940724863,svc_random100_cv,10,10,0.3,5,accuracy,0.8857142857142856
0.06412825651302605,0.6285714285714284,0.1593787940724863,svc_random100_cv,10,10,0.3,5,accuracy,0.8857142857142856
0.06613226452905811,0.6285714285714284,0.1593787940724863,svc_random100_cv,10,10,0.3,5,accuracy,0.8857142857142856
0.06813627254509018,0.6285714285714284,0.1593787940724863,svc_random100_cv,10,10,0.3,5,accuracy,0.8857142857142856
0.07014028056112225,0.6285714285714284,0.1593787940724863,svc_random100_cv,10,10,0.3,5,accuracy,0.8857142857142856
0.0721442885771543,0.6285714285714284,0.1593787940724863,svc_random100_cv,10,10,0.3,5,accuracy,0.8857142857142856
0.07414829659318636,0.6285714285714284,0.1593787940724863,svc_random100_cv,10,10,0.3,5,accuracy,0.8857142857142856
0.07615230460921843,0.6285714285714284,0.1593787940724863,svc_random100_cv,10,10,0.3,5,accuracy,0.8857142857142856
0.0781563126252505,0.6285714285714284,0.1593787940724863,svc_random100_cv,10,10,0.3,5,accuracy,0.8857142857142856
0.08016032064128256,0.6285714285714284,0.1593787940724863,svc_random100_cv,10,10,0.3,5,accuracy,0.8857142857142856
0.08216432865731463,0.6285714285714284,0.1593787940724863,svc_random100_cv,10,10,0.3,5,accuracy,0.8857142857142856
0.08416833667334668,0.6285714285714284,0.1593787940724863,svc_random100_cv,10,10,0.3,5,accuracy,0.8857142857142856
0.08617234468937875,0.6285714285714284,0.1593787940724863,svc_random100_cv,10,10,0.3,5,accuracy,0.8857142857142856
0.08817635270541081,0.6285714285714284,0.1593787940724863,svc_random100_cv,10,10,0.3,5,accuracy,0.8857142857142856
0.09018036072144288,0.6285714285714284,0.1593787940724863,svc_random100_cv,10,10,0.3,5,accuracy,0.8857142857142856
0.09218436873747494,0.6285714285714284,0.1593787940724863,svc_random100_cv,10,10,0.3,5,accuracy,0.8857142857142856
0.09418837675350701,0.6285714285714284,0.1593787940724863,svc_random100_cv,10,10,0.3,5,accuracy,0.8857142857142856
0.09619238476953906,0.6285714285714284,0.1593787940724863,svc_random100_cv,10,10,0.3,5,accuracy,0.8857142857142856
0.09819639278557113,0.6285714285714284,0.1593787940724863,svc_random100_cv,10,10,0.3,5,accuracy,0.8857142857142856
0.1002004008016032,0.6285714285714284,0.1593787940724863,svc_random100_cv,10,10,0.3,5,accuracy,0.8857142857142856
0.10220440881763526,0.6285714285714284,0.1593787940724863,svc_random100_cv,10,10,0.3,5,accuracy,0.8857142857142856
0.10420841683366733,0.6285714285714284,0.1593787940724863,svc_random100_cv,10,10,0.3,5,accuracy,0.8857142857142856
0.1062124248496994,0.6285714285714284,0.1593787940724863,svc_random100_cv,10,10,0.3,5,accuracy,0.8857142857142856
0.10821643286573146,0.6285714285714284,0.1593787940724863,svc_random100_cv,10,10,0.3,5,accuracy,0.8857142857142856
0.11022044088176351,0.6285714285714284,0.1593787940724863,svc_random100_cv,10,10,0.3,5,accuracy,0.8857142857142856
0.11222444889779558,0.6285714285714284,0.1593787940724863,svc_random100_cv,10,10,0.3,5,accuracy,0.8857142857142856
0.11422845691382764,0.6285714285714284,0.1593787940724863,svc_random100_cv,10,10,0.3,5,accuracy,0.8857142857142856
0.11623246492985971,0.6285714285714284,0.1593787940724863,svc_random100_cv,10,10,0.3,5,accuracy,0.8857142857142856
0.11823647294589178,0.6285714285714284,0.1593787940724863,svc_random100_cv,10,10,0.3,5,accuracy,0.8857142857142856
0.12024048096192384,0.6285714285714284,0.1593787940724863,svc_random100_cv,10,10,0.3,5,accuracy,0.8857142857142856
0.1222444889779559,0.6285714285714284,0.1593787940724863,svc_random100_cv,10,10,0.3,5,accuracy,0.8857142857142856
0.12424849699398796,0.6285714285714284,0.1593787940724863,svc_random100_cv,10,10,0.3,5,accuracy,0.8857142857142856
0.12625250501002003,0.6285714285714284,0.1593787940724863,svc_random100_cv,10,10,0.3,5,accuracy,0.8857142857142856
0.1282565130260521,0.6285714285714284,0.1593787940724863,svc_random100_cv,10,10,0.3,5,accuracy,0.8857142857142856
0.13026052104208416,0.6285714285714284,0.1593787940724863,svc_random100_cv,10,10,0.3,5,accuracy,0.8857142857142856
0.13226452905811623,0.6285714285714284,0.1593787940724863,svc_random100_cv,10,10,0.3,5,accuracy,0.8857142857142856
0.1342685370741483,0.6285714285714284,0.1593787940724863,svc_random100_cv,10,10,0.3,5,accuracy,0.8857142857142856
0.13627254509018036,0.6285714285714284,0.1593787940724863,svc_random100_cv,10,10,0.3,5,accuracy,0.8857142857142856
0.13827655310621242,0.6285714285714284,0.1593787940724863,svc_random100_cv,10,10,0.3,5,accuracy,0.8857142857142856
0.1402805611222445,0.6285714285714284,0.1593787940724863,svc_random100_cv,10,10,0.3,5,accuracy,0.8857142857142856
0.14228456913827653,0.6285714285714284,0.1593787940724863,svc_random100_cv,10,10,0.3,5,accuracy,0.8857142857142856
0.1442885771543086,0.6285714285714284,0.1593787940724863,svc_random100_cv,10,10,0.3,5,accuracy,0.8857142857142856
0.14629258517034066,0.6285714285714284,0.1593787940724863,svc_random100_cv,10,10,0.3,5,accuracy,0.8857142857142856
0.14829659318637273,0.6285714285714284,0.1593787940724863,svc_random100_cv,10,10,0.3,5,accuracy,0.8857142857142856
0.1503006012024048,0.6285714285714284,0.1593787940724863,svc_random100_cv,10,10,0.3,5,accuracy,0.8857142857142856
0.15230460921843686,0.6285714285714284,0.1593787940724863,svc_random100_cv,10,10,0.3,5,accuracy,0.8857142857142856
0.15430861723446893,0.6285714285714284,0.1593787940724863,svc_random100_cv,10,10,0.3,5,accuracy,0.8857142857142856
0.156312625250501,0.6285714285714284,0.1593787940724863,svc_random100_cv,10,10,0.3,5,accuracy,0.8857142857142856
0.15831663326653306,0.6285714285714284,0.1593787940724863,svc_random100_cv,10,10,0.3,5,accuracy,0.8857142857142856
0.16032064128256512,0.6285714285714284,0.1593787940724863,svc_random100_cv,10,10,0.3,5,accuracy,0.8857142857142856
0.1623246492985972,0.6285714285714284,0.1593787940724863,svc_random100_cv,10,10,0.3,5,accuracy,0.8857142857142856
0.16432865731462926,0.6285714285714284,0.1593787940724863,svc_random100_cv,10,10,0.3,5,accuracy,0.8857142857142856
0.16633266533066132,0.6285714285714284,0.1593787940724863,svc_random100_cv,10,10,0.3,5,accuracy,0.8857142857142856
0.16833667334669336,0.6285714285714284,0.1593787940724863,svc_random100_cv,10,10,0.3,5,accuracy,0.8857142857142856
0.17034068136272543,0.6285714285714284,0.1593787940724863,svc_random100_cv,10,10,0.3,5,accuracy,0.8857142857142856
0.1723446893787575,0.6285714285714284,0.1593787940724863,svc_random100_cv,10,10,0.3,5,accuracy,0.8857142857142856
0.17434869739478956,0.6285714285714284,0.1593787940724863,svc_random100_cv,10,10,0.3,5,accuracy,0.8857142857142856
0.17635270541082163,0.6285714285714284,0.1593787940724863,svc_random100_cv,10,10,0.3,5,accuracy,0.8857142857142856
0.1783567134268537,0.6285714285714284,0.1593787940724863,svc_random100_cv,10,10,0.3,5,accuracy,0.8857142857142856
0.18036072144288576,0.6285714285714284,0.1593787940724863,svc_random100_cv,10,10,0.3,5,accuracy,0.8857142857142856
0.18236472945891782,0.6285714285714284,0.1593787940724863,svc_random100_cv,10,10,0.3,5,accuracy,0.8857142857142856
0.1843687374749499,0.6285714285714284,0.1593787940724863,svc_random100_cv,10,10,0.3,5,accuracy,0.8857142857142856
0.18637274549098196,0.6285714285714284,0.1593787940724863,svc_random100_cv,10,10,0.3,5,accuracy,0.8857142857142856
0.18837675350701402,0.6285714285714284,0.1593787940724863,svc_random100_cv,10,10,0.3,5,accuracy,0.8857142857142856
0.1903807615230461,0.6285714285714284,0.1593787940724863,svc_random100_cv,10,10,0.3,5,accuracy,0.8857142857142856
0.19238476953907813,0.6285714285714284,0.1593787940724863,svc_random100_cv,10,10,0.3,5,accuracy,0.8857142857142856
0.1943887775551102,0.6285714285714284,0.1593787940724863,svc_random100_cv,10,10,0.3,5,accuracy,0.8857142857142856
0.19639278557114226,0.6285714285714284,0.1593787940724863,svc_random100_cv,10,10,0.3,5,accuracy,0.8857142857142856
0.19839679358717432,0.6285714285714284,0.1593787940724863,svc_random100_cv,10,10,0.3,5,accuracy,0.8857142857142856
0.2004008016032064,0.8571428571428571,0.10476640682967037,svc_random100_cv,10,10,0.3,5,accuracy,0.8857142857142856
0.20240480961923846,0.8571428571428571,0.10476640682967037,svc_random100_cv,10,10,0.3,5,accuracy,0.8857142857142856
0.20440881763527052,0.8571428571428571,0.10476640682967037,svc_random100_cv,10,10,0.3,5,accuracy,0.8857142857142856
0.2064128256513026,0.8571428571428571,0.10476640682967037,svc_random100_cv,10,10,0.3,5,accuracy,0.8857142857142856
0.20841683366733466,0.8571428571428571,0.10476640682967037,svc_random100_cv,10,10,0.3,5,accuracy,0.8857142857142856
0.21042084168336672,0.8571428571428571,0.10476640682967037,svc_random100_cv,10,10,0.3,5,accuracy,0.8857142857142856
0.2124248496993988,0.8571428571428571,0.10476640682967037,svc_random100_cv,10,10,0.3,5,accuracy,0.8857142857142856
0.21442885771543085,0.8571428571428571,0.10476640682967037,svc_random100_cv,10,10,0.3,5,accuracy,0.8857142857142856
0.21643286573146292,0.8571428571428571,0.10476640682967037,svc_random100_cv,10,10,0.3,5,accuracy,0.8857142857142856
0.21843687374749496,0.8571428571428571,0.10476640682967037,svc_random100_cv,10,10,0.3,5,accuracy,0.8857142857142856
0.22044088176352702,0.8571428571428571,0.10476640682967037,svc_random100_cv,10,10,0.3,5,accuracy,0.8857142857142856
0.2224448897795591,0.8571428571428571,0.10476640682967037,svc_random100_cv,10,10,0.3,5,accuracy,0.8857142857142856
0.22444889779559116,0.8571428571428571,0.10476640682967037,svc_random100_cv,10,10,0.3,5,accuracy,0.8857142857142856
0.22645290581162322,0.8571428571428571,0.10476640682967037,svc_random100_cv,10,10,0.3,5,accuracy,0.8857142857142856
0.2284569138276553,0.8571428571428571,0.10476640682967037,svc_random100_cv,10,10,0.3,5,accuracy,0.8857142857142856
0.23046092184368736,0.8571428571428571,0.10476640682967037,svc_random100_cv,10,10,0.3,5,accuracy,0.8857142857142856
0.23246492985971942,0.8571428571428571,0.10476640682967037,svc_random100_cv,10,10,0.3,5,accuracy,0.8857142857142856
0.2344689378757515,0.8571428571428571,0.10476640682967037,svc_random100_cv,10,10,0.3,5,accuracy,0.8857142857142856
0.23647294589178355,0.8571428571428571,0.10476640682967037,svc_random100_cv,10,10,0.3,5,accuracy,0.8857142857142856
0.23847695390781562,0.8571428571428571,0.10476640682967037,svc_random100_cv,10,10,0.3,5,accuracy,0.8857142857142856
0.24048096192384769,0.8571428571428571,0.10476640682967037,svc_random100_cv,10,10,0.3,5,accuracy,0.8857142857142856
0.24248496993987975,0.8571428571428571,0.10476640682967037,svc_random100_cv,10,10,0.3,5,accuracy,0.8857142857142856
0.2444889779559118,0.8571428571428571,0.10476640682967037,svc_random100_cv,10,10,0.3,5,accuracy,0.8857142857142856
0.24649298597194386,0.8571428571428571,0.10476640682967037,svc_random100_cv,10,10,0.3,5,accuracy,0.8857142857142856
0.24849699398797592,0.8571428571428571,0.10476640682967037,svc_random100_cv,10,10,0.3,5,accuracy,0.8857142857142856
0.250501002004008,0.8571428571428571,0.10476640682967037,svc_random100_cv,10,10,0.3,5,accuracy,0.8857142857142856
0.25250501002004005,0.8571428571428571,0.10476640682967037,svc_random100_cv,10,10,0.3,5,accuracy,0.8857142857142856
0.2545090180360721,0.8571428571428571,0.10476640682967037,svc_random100_cv,10,10,0.3,5,accuracy,0.8857142857142856
0.2565130260521042,0.8571428571428571,0.10476640682967037,svc_random100_cv,10,10,0.3,5,accuracy,0.8857142857142856
0.25851703406813625,0.8571428571428571,0.10476640682967037,svc_random100_cv,10,10,0.3,5,accuracy,0.8857142857142856
0.2605210420841683,0.8571428571428571,0.10476640682967037,svc_random100_cv,10,10,0.3,5,accuracy,0.8857142857142856
0.2625250501002004,0.8571428571428571,0.10476640682967037,svc_random100_cv,10,10,0.3,5,accuracy,0.8857142857142856
0.26452905811623245,0.8571428571428571,0.10476640682967037,svc_random100_cv,10,10,0.3,5,accuracy,0.8857142857142856
0.2665330661322645,0.8571428571428571,0.10476640682967037,svc_random100_cv,10,10,0.3,5,accuracy,0.8857142857142856
0.2685370741482966,0.8571428571428571,0.10476640682967037,svc_random100_cv,10,10,0.3,5,accuracy,0.8857142857142856
0.27054108216432865,0.8571428571428571,0.10476640682967037,svc_random100_cv,10,10,0.3,5,accuracy,0.8857142857142856
0.2725450901803607,0.8571428571428571,0.10476640682967037,svc_random100_cv,10,10,0.3,5,accuracy,0.8857142857142856
0.2745490981963928,0.8571428571428571,0.10476640682967037,svc_random100_cv,10,10,0.3,5,accuracy,0.8857142857142856
0.27655310621242485,0.8571428571428571,0.10476640682967037,svc_random100_cv,10,10,0.3,5,accuracy,0.8857142857142856
0.2785571142284569,0.8571428571428571,0.10476640682967037,svc_random100_cv,10,10,0.3,5,accuracy,0.8857142857142856
0.280561122244489,0.8571428571428571,0.10476640682967037,svc_random100_cv,10,10,0.3,5,accuracy,0.8857142857142856
0.282565130260521,0.8571428571428571,0.10476640682967037,svc_random100_cv,10,10,0.3,5,accuracy,0.8857142857142856
0.28456913827655306,0.8571428571428571,0.10476640682967037,svc_random100_cv,10,10,0.3,5,accuracy,0.8857142857142856
0.2865731462925851,0.8571428571428571,0.10476640682967037,svc_random100_cv,10,10,0.3,5,accuracy,0.8857142857142856
0.2885771543086172,0.8571428571428571,0.10476640682967037,svc_random100_cv,10,10,0.3,5,accuracy,0.8857142857142856
0.29058116232464926,0.8571428571428571,0.10476640682967037,svc_random100_cv,10,10,0.3,5,accuracy,0.8857142857142856
0.2925851703406813,0.8571428571428571,0.10476640682967037,svc_random100_cv,10,10,0.3,5,accuracy,0.8857142857142856
0.2945891783567134,0.8571428571428571,0.10476640682967037,svc_random100_cv,10,10,0.3,5,accuracy,0.8857142857142856
0.29659318637274545,0.8571428571428571,0.10476640682967037,svc_random100_cv,10,10,0.3,5,accuracy,0.8857142857142856
0.2985971943887775,0.8571428571428571,0.10476640682967037,svc_random100_cv,10,10,0.3,5,accuracy,0.8857142857142856
0.3006012024048096,0.8571428571428571,0.10476640682967037,svc_random100_cv,10,10,0.3,5,accuracy,0.8857142857142856
0.30260521042084165,0.8571428571428571,0.10476640682967037,svc_random100_cv,10,10,0.3,5,accuracy,0.8857142857142856
0.3046092184368737,0.8571428571428571,0.10476640682967037,svc_random100_cv,10,10,0.3,5,accuracy,0.8857142857142856
0.3066132264529058,0.8571428571428571,0.10476640682967037,svc_random100_cv,10,10,0.3,5,accuracy,0.8857142857142856
0.30861723446893785,0.8571428571428571,0.10476640682967037,svc_random100_cv,10,10,0.3,5,accuracy,0.8857142857142856
0.3106212424849699,0.8571428571428571,0.10476640682967037,svc_random100_cv,10,10,0.3,5,accuracy,0.8857142857142856
0.312625250501002,0.8571428571428571,0.10476640682967037,svc_random100_cv,10,10,0.3,5,accuracy,0.8857142857142856
0.31462925851703405,0.8571428571428571,0.10476640682967037,svc_random100_cv,10,10,0.3,5,accuracy,0.8857142857142856
0.3166332665330661,0.8571428571428571,0.10476640682967037,svc_random100_cv,10,10,0.3,5,accuracy,0.8857142857142856
0.3186372745490982,0.8571428571428571,0.10476640682967037,svc_random100_cv,10,10,0.3,5,accuracy,0.8857142857142856
0.32064128256513025,0.8571428571428571,0.10476640682967037,svc_random100_cv,10,10,0.3,5,accuracy,0.8857142857142856
0.3226452905811623,0.8571428571428571,0.10476640682967037,svc_random100_cv,10,10,0.3,5,accuracy,0.8857142857142856
0.3246492985971944,0.8571428571428571,0.10476640682967037,svc_random100_cv,10,10,0.3,5,accuracy,0.8857142857142856
0.32665330661322645,0.8571428571428571,0.10476640682967037,svc_random100_cv,10,10,0.3,5,accuracy,0.8857142857142856
0.3286573146292585,0.8571428571428571,0.10476640682967037,svc_random100_cv,10,10,0.3,5,accuracy,0.8857142857142856
0.3306613226452906,0.8571428571428571,0.10476640682967037,svc_random100_cv,10,10,0.3,5,accuracy,0.8857142857142856
0.33266533066132264,0.8571428571428571,0.10476640682967037,svc_random100_cv,10,10,0.3,5,accuracy,0.8857142857142856
0.33466933867735466,0.8571428571428571,0.10476640682967037,svc_random100_cv,10,10,0.3,5,accuracy,0.8857142857142856
0.3366733466933867,0.8571428571428571,0.10476640682967037,svc_random100_cv,10,10,0.3,5,accuracy,0.8857142857142856
0.3386773547094188,0.8571428571428571,0.10476640682967037,svc_random100_cv,10,10,0.3,5,accuracy,0.8857142857142856
0.34068136272545085,0.8571428571428571,0.10476640682967037,svc_random100_cv,10,10,0.3,5,accuracy,0.8857142857142856
0.3426853707414829,0.8571428571428571,0.10476640682967037,svc_random100_cv,10,10,0.3,5,accuracy,0.8857142857142856
0.344689378757515,0.8571428571428571,0.10476640682967037,svc_random100_cv,10,10,0.3,5,accuracy,0.8857142857142856
0.34669338677354705,0.8571428571428571,0.10476640682967037,svc_random100_cv,10,10,0.3,5,accuracy,0.8857142857142856
0.3486973947895791,0.8571428571428571,0.10476640682967037,svc_random100_cv,10,10,0.3,5,accuracy,0.8857142857142856
0.3507014028056112,0.8571428571428571,0.10476640682967037,svc_random100_cv,10,10,0.3,5,accuracy,0.8857142857142856
0.35270541082164325,0.8571428571428571,0.10476640682967037,svc_random100_cv,10,10,0.3,5,accuracy,0.8857142857142856
0.3547094188376753,0.8571428571428571,0.10476640682967037,svc_random100_cv,10,10,0.3,5,accuracy,0.8857142857142856
0.3567134268537074,0.8571428571428571,0.10476640682967037,svc_random100_cv,10,10,0.3,5,accuracy,0.8857142857142856
0.35871743486973945,0.8571428571428571,0.10476640682967037,svc_random100_cv,10,10,0.3,5,accuracy,0.8857142857142856
0.3607214428857715,0.8571428571428571,0.10476640682967037,svc_random100_cv,10,10,0.3,5,accuracy,0.8857142857142856
0.3627254509018036,0.8571428571428571,0.10476640682967037,svc_random100_cv,10,10,0.3,5,accuracy,0.8857142857142856
0.36472945891783565,0.8571428571428571,0.10476640682967037,svc_random100_cv,10,10,0.3,5,accuracy,0.8857142857142856
0.3667334669338677,0.8571428571428571,0.10476640682967037,svc_random100_cv,10,10,0.3,5,accuracy,0.8857142857142856
0.3687374749498998,0.8571428571428571,0.10476640682967037,svc_random100_cv,10,10,0.3,5,accuracy,0.8857142857142856
0.37074148296593185,0.8571428571428571,0.10476640682967037,svc_random100_cv,10,10,0.3,5,accuracy,0.8857142857142856
0.3727454909819639,0.8571428571428571,0.10476640682967037,svc_random100_cv,10,10,0.3,5,accuracy,0.8857142857142856
0.374749498997996,0.8571428571428571,0.10476640682967037,svc_random100_cv,10,10,0.3,5,accuracy,0.8857142857142856
0.37675350701402804,0.8571428571428571,0.10476640682967037,svc_random100_cv,10,10,0.3,5,accuracy,0.8857142857142856
0.3787575150300601,0.8571428571428571,0.10476640682967037,svc_random100_cv,10,10,0.3,5,accuracy,0.8857142857142856
0.3807615230460922,0.8571428571428571,0.10476640682967037,svc_random100_cv,10,10,0.3,5,accuracy,0.8857142857142856
0.38276553106212424,0.8571428571428571,0.10476640682967037,svc_random100_cv,10,10,0.3,5,accuracy,0.8857142857142856
0.38476953907815625,0.8571428571428571,0.10476640682967037,svc_random100_cv,10,10,0.3,5,accuracy,0.8857142857142856
0.3867735470941883,0.8571428571428571,0.10476640682967037,svc_random100_cv,10,10,0.3,5,accuracy,0.8857142857142856
0.3887775551102204,0.8571428571428571,0.10476640682967037,svc_random100_cv,10,10,0.3,5,accuracy,0.8857142857142856
0.39078156312625245,0.8571428571428571,0.10476640682967037,svc_random100_cv,10,10,0.3,5,accuracy,0.8857142857142856
0.3927855711422845,0.8571428571428571,0.10476640682967037,svc_random100_cv,10,10,0.3,5,accuracy,0.8857142857142856
0.3947895791583166,0.8571428571428571,0.10476640682967037,svc_random100_cv,10,10,0.3,5,accuracy,0.8857142857142856
0.39679358717434865,0.8571428571428571,0.10476640682967037,svc_random100_cv,10,10,0.3,5,accuracy,0.8857142857142856
0.3987975951903807,0.8571428571428571,0.10476640682967037,svc_random100_cv,10,10,0.3,5,accuracy,0.8857142857142856
0.4008016032064128,0.9428571428571427,0.08115170977866083,svc_random100_cv,10,10,0.3,5,accuracy,0.8857142857142856
0.40280561122244485,0.9428571428571427,0.08115170977866083,svc_random100_cv,10,10,0.3,5,accuracy,0.8857142857142856
0.4048096192384769,0.9428571428571427,0.08115170977866083,svc_random100_cv,10,10,0.3,5,accuracy,0.8857142857142856
0.406813627254509,0.9428571428571427,0.08115170977866083,svc_random100_cv,10,10,0.3,5,accuracy,0.8857142857142856
0.40881763527054105,0.9428571428571427,0.08115170977866083,svc_random100_cv,10,10,0.3,5,accuracy,0.8857142857142856
0.4108216432865731,0.9428571428571427,0.08115170977866083,svc_random100_cv,10,10,0.3,5,accuracy,0.8857142857142856
0.4128256513026052,0.9428571428571427,0.08115170977866083,svc_random100_cv,10,10,0.3,5,accuracy,0.8857142857142856
0.41482965931863724,0.9428571428571427,0.08115170977866083,svc_random100_cv,10,10,0.3,5,accuracy,0.8857142857142856
0.4168336673346693,0.9428571428571427,0.08115170977866083,svc_random100_cv,10,10,0.3,5,accuracy,0.8857142857142856
0.4188376753507014,0.9428571428571427,0.08115170977866083,svc_random100_cv,10,10,0.3,5,accuracy,0.8857142857142856
0.42084168336673344,0.9428571428571427,0.08115170977866083,svc_random100_cv,10,10,0.3,5,accuracy,0.8857142857142856
0.4228456913827655,0.9428571428571427,0.08115170977866083,svc_random100_cv,10,10,0.3,5,accuracy,0.8857142857142856
0.4248496993987976,0.9428571428571427,0.08115170977866083,svc_random100_cv,10,10,0.3,5,accuracy,0.8857142857142856
0.42685370741482964,0.9428571428571427,0.08115170977866083,svc_random100_cv,10,10,0.3,5,accuracy,0.8857142857142856
0.4288577154308617,0.9428571428571427,0.08115170977866083,svc_random100_cv,10,10,0.3,5,accuracy,0.8857142857142856
0.4308617234468938,0.9428571428571427,0.08115170977866083,svc_random100_cv,10,10,0.3,5,accuracy,0.8857142857142856
0.43286573146292584,0.9428571428571427,0.08115170977866083,svc_random100_cv,10,10,0.3,5,accuracy,0.8857142857142856
0.4348697394789579,0.9428571428571427,0.08115170977866083,svc_random100_cv,10,10,0.3,5,accuracy,0.8857142857142856
0.4368737474949899,0.9428571428571427,0.08115170977866083,svc_random100_cv,10,10,0.3,5,accuracy,0.8857142857142856
0.438877755511022,0.9428571428571427,0.08115170977866083,svc_random100_cv,10,10,0.3,5,accuracy,0.8857142857142856
0.44088176352705405,0.9428571428571427,0.08115170977866083,svc_random100_cv,10,10,0.3,5,accuracy,0.8857142857142856
0.4428857715430861,0.9428571428571427,0.08115170977866083,svc_random100_cv,10,10,0.3,5,accuracy,0.8857142857142856
0.4448897795591182,0.9428571428571427,0.08115170977866083,svc_random100_cv,10,10,0.3,5,accuracy,0.8857142857142856
0.44689378757515025,0.9428571428571427,0.08115170977866083,svc_random100_cv,10,10,0.3,5,accuracy,0.8857142857142856
0.4488977955911823,0.9428571428571427,0.08115170977866083,svc_random100_cv,10,10,0.3,5,accuracy,0.8857142857142856
0.4509018036072144,0.9428571428571427,0.08115170977866083,svc_random100_cv,10,10,0.3,5,accuracy,0.8857142857142856
0.45290581162324645,0.9428571428571427,0.08115170977866083,svc_random100_cv,10,10,0.3,5,accuracy,0.8857142857142856
0.4549098196392785,0.9428571428571427,0.08115170977866083,svc_random100_cv,10,10,0.3,5,accuracy,0.8857142857142856
0.4569138276553106,0.9428571428571427,0.08115170977866083,svc_random100_cv,10,10,0.3,5,accuracy,0.8857142857142856
0.45891783567134264,0.9428571428571427,0.08115170977866083,svc_random100_cv,10,10,0.3,5,accuracy,0.8857142857142856
0.4609218436873747,0.9428571428571427,0.08115170977866083,svc_random100_cv,10,10,0.3,5,accuracy,0.8857142857142856
0.4629258517034068,0.9428571428571427,0.08115170977866083,svc_random100_cv,10,10,0.3,5,accuracy,0.8857142857142856
0.46492985971943884,0.9428571428571427,0.08115170977866083,svc_random100_cv,10,10,0.3,5,accuracy,0.8857142857142856
0.4669338677354709,0.9428571428571427,0.08115170977866083,svc_random100_cv,10,10,0.3,5,accuracy,0.8857142857142856
0.468937875751503,0.9428571428571427,0.08115170977866083,svc_random100_cv,10,10,0.3,5,accuracy,0.8857142857142856
0.47094188376753504,0.9428571428571427,0.08115170977866083,svc_random100_cv,10,10,0.3,5,accuracy,0.8857142857142856
0.4729458917835671,0.9428571428571427,0.08115170977866083,svc_random100_cv,10,10,0.3,5,accuracy,0.8857142857142856
0.4749498997995992,0.9428571428571427,0.08115170977866083,svc_random100_cv,10,10,0.3,5,accuracy,0.8857142857142856
0.47695390781563124,0.9428571428571427,0.08115170977866083,svc_random100_cv,10,10,0.3,5,accuracy,0.8857142857142856
0.4789579158316633,0.9428571428571427,0.08115170977866083,svc_random100_cv,10,10,0.3,5,accuracy,0.8857142857142856
0.48096192384769537,0.9428571428571427,0.08115170977866083,svc_random100_cv,10,10,0.3,5,accuracy,0.8857142857142856
0.48296593186372744,0.9428571428571427,0.08115170977866083,svc_random100_cv,10,10,0.3,5,accuracy,0.8857142857142856
0.4849699398797595,0.9428571428571427,0.08115170977866083,svc_random100_cv,10,10,0.3,5,accuracy,0.8857142857142856
0.48697394789579157,0.9428571428571427,0.08115170977866083,svc_random100_cv,10,10,0.3,5,accuracy,0.8857142857142856
0.4889779559118236,0.9428571428571427,0.08115170977866083,svc_random100_cv,10,10,0.3,5,accuracy,0.8857142857142856
0.49098196392785565,0.9428571428571427,0.08115170977866083,svc_random100_cv,10,10,0.3,5,accuracy,0.8857142857142856
0.4929859719438877,0.9428571428571427,0.08115170977866083,svc_random100_cv,10,10,0.3,5,accuracy,0.8857142857142856
0.4949899799599198,0.9428571428571427,0.08115170977866083,svc_random100_cv,10,10,0.3,5,accuracy,0.8857142857142856
0.49699398797595185,0.9428571428571427,0.08115170977866083,svc_random100_cv,10,10,0.3,5,accuracy,0.8857142857142856
0.4989979959919839,0.9428571428571427,0.08115170977866083,svc_random100_cv,10,10,0.3,5,accuracy,0.8857142857142856
0.501002004008016,0.9428571428571427,0.08115170977866083,svc_random100_cv,10,10,0.3,5,accuracy,0.8857142857142856
0.503006012024048,0.9428571428571427,0.08115170977866083,svc_random100_cv,10,10,0.3,5,accuracy,0.8857142857142856
0.5050100200400801,0.9428571428571427,0.08115170977866083,svc_random100_cv,10,10,0.3,5,accuracy,0.8857142857142856
0.5070140280561122,0.9428571428571427,0.08115170977866083,svc_random100_cv,10,10,0.3,5,accuracy,0.8857142857142856
0.5090180360721442,0.9428571428571427,0.08115170977866083,svc_random100_cv,10,10,0.3,5,accuracy,0.8857142857142856
0.5110220440881763,0.9428571428571427,0.08115170977866083,svc_random100_cv,10,10,0.3,5,accuracy,0.8857142857142856
0.5130260521042084,0.9428571428571427,0.08115170977866083,svc_random100_cv,10,10,0.3,5,accuracy,0.8857142857142856
0.5150300601202404,0.9428571428571427,0.08115170977866083,svc_random100_cv,10,10,0.3,5,accuracy,0.8857142857142856
0.5170340681362725,0.9428571428571427,0.08115170977866083,svc_random100_cv,10,10,0.3,5,accuracy,0.8857142857142856
0.5190380761523046,0.9428571428571427,0.08115170977866083,svc_random100_cv,10,10,0.3,5,accuracy,0.8857142857142856
0.5210420841683366,0.9428571428571427,0.08115170977866083,svc_random100_cv,10,10,0.3,5,accuracy,0.8857142857142856
0.5230460921843687,0.9428571428571427,0.08115170977866083,svc_random100_cv,10,10,0.3,5,accuracy,0.8857142857142856
0.5250501002004008,0.9428571428571427,0.08115170977866083,svc_random100_cv,10,10,0.3,5,accuracy,0.8857142857142856
0.5270541082164328,0.9428571428571427,0.08115170977866083,svc_random100_cv,10,10,0.3,5,accuracy,0.8857142857142856
0.5290581162324649,0.9428571428571427,0.08115170977866083,svc_random100_cv,10,10,0.3,5,accuracy,0.8857142857142856
0.531062124248497,0.9428571428571427,0.08115170977866083,svc_random100_cv,10,10,0.3,5,accuracy,0.8857142857142856
0.533066132264529,0.9428571428571427,0.08115170977866083,svc_random100_cv,10,10,0.3,5,accuracy,0.8857142857142856
0.5350701402805611,0.9428571428571427,0.08115170977866083,svc_random100_cv,10,10,0.3,5,accuracy,0.8857142857142856
0.5370741482965932,0.9428571428571427,0.08115170977866083,svc_random100_cv,10,10,0.3,5,accuracy,0.8857142857142856
0.5390781563126252,0.9428571428571427,0.08115170977866083,svc_random100_cv,10,10,0.3,5,accuracy,0.8857142857142856
0.5410821643286573,0.9428571428571427,0.08115170977866083,svc_random100_cv,10,10,0.3,5,accuracy,0.8857142857142856
0.5430861723446894,0.9428571428571427,0.08115170977866083,svc_random100_cv,10,10,0.3,5,accuracy,0.8857142857142856
0.5450901803607214,0.9428571428571427,0.08115170977866083,svc_random100_cv,10,10,0.3,5,accuracy,0.8857142857142856
0.5470941883767535,0.9428571428571427,0.08115170977866083,svc_random100_cv,10,10,0.3,5,accuracy,0.8857142857142856
0.5490981963927856,0.9428571428571427,0.08115170977866083,svc_random100_cv,10,10,0.3,5,accuracy,0.8857142857142856
0.5511022044088176,0.9428571428571427,0.08115170977866083,svc_random100_cv,10,10,0.3,5,accuracy,0.8857142857142856
0.5531062124248497,0.9428571428571427,0.08115170977866083,svc_random100_cv,10,10,0.3,5,accuracy,0.8857142857142856
0.5551102204408818,0.9428571428571427,0.08115170977866083,svc_random100_cv,10,10,0.3,5,accuracy,0.8857142857142856
0.5571142284569138,0.9428571428571427,0.08115170977866083,svc_random100_cv,10,10,0.3,5,accuracy,0.8857142857142856
0.5591182364729459,0.9428571428571427,0.08115170977866083,svc_random100_cv,10,10,0.3,5,accuracy,0.8857142857142856
0.561122244488978,0.9428571428571427,0.08115170977866083,svc_random100_cv,10,10,0.3,5,accuracy,0.8857142857142856
0.56312625250501,0.9428571428571427,0.08115170977866083,svc_random100_cv,10,10,0.3,5,accuracy,0.8857142857142856
0.565130260521042,0.9428571428571427,0.08115170977866083,svc_random100_cv,10,10,0.3,5,accuracy,0.8857142857142856
0.567134268537074,0.9428571428571427,0.08115170977866083,svc_random100_cv,10,10,0.3,5,accuracy,0.8857142857142856
0.5691382765531061,0.9428571428571427,0.08115170977866083,svc_random100_cv,10,10,0.3,5,accuracy,0.8857142857142856
0.5711422845691382,0.9428571428571427,0.08115170977866083,svc_random100_cv,10,10,0.3,5,accuracy,0.8857142857142856
0.5731462925851702,0.9428571428571427,0.08115170977866083,svc_random100_cv,10,10,0.3,5,accuracy,0.8857142857142856
0.5751503006012023,0.9428571428571427,0.08115170977866083,svc_random100_cv,10,10,0.3,5,accuracy,0.8857142857142856
0.5771543086172344,0.9428571428571427,0.08115170977866083,svc_random100_cv,10,10,0.3,5,accuracy,0.8857142857142856
0.5791583166332664,0.9428571428571427,0.08115170977866083,svc_random100_cv,10,10,0.3,5,accuracy,0.8857142857142856
0.5811623246492985,0.9428571428571427,0.08115170977866083,svc_random100_cv,10,10,0.3,5,accuracy,0.8857142857142856
0.5831663326653306,0.9428571428571427,0.08115170977866083,svc_random100_cv,10,10,0.3,5,accuracy,0.8857142857142856
0.5851703406813626,0.9428571428571427,0.08115170977866083,svc_random100_cv,10,10,0.3,5,accuracy,0.8857142857142856
0.5871743486973947,0.9428571428571427,0.08115170977866083,svc_random100_cv,10,10,0.3,5,accuracy,0.8857142857142856
0.5891783567134268,0.9428571428571427,0.08115170977866083,svc_random100_cv,10,10,0.3,5,accuracy,0.8857142857142856
0.5911823647294588,0.9428571428571427,0.08115170977866083,svc_random100_cv,10,10,0.3,5,accuracy,0.8857142857142856
0.5931863727454909,0.9428571428571427,0.08115170977866083,svc_random100_cv,10,10,0.3,5,accuracy,0.8857142857142856
0.595190380761523,0.9428571428571427,0.08115170977866083,svc_random100_cv,10,10,0.3,5,accuracy,0.8857142857142856
0.597194388777555,0.9428571428571427,0.08115170977866083,svc_random100_cv,10,10,0.3,5,accuracy,0.8857142857142856
0.5991983967935871,0.9428571428571427,0.08115170977866083,svc_random100_cv,10,10,0.3,5,accuracy,0.8857142857142856
0.6012024048096192,1.0,0.0,svc_random100_cv,10,10,0.3,5,accuracy,0.8857142857142856
0.6032064128256512,1.0,0.0,svc_random100_cv,10,10,0.3,5,accuracy,0.8857142857142856
0.6052104208416833,1.0,0.0,svc_random100_cv,10,10,0.3,5,accuracy,0.8857142857142856
0.6072144288577154,1.0,0.0,svc_random100_cv,10,10,0.3,5,accuracy,0.8857142857142856
0.6092184368737474,1.0,0.0,svc_random100_cv,10,10,0.3,5,accuracy,0.8857142857142856
0.6112224448897795,1.0,0.0,svc_random100_cv,10,10,0.3,5,accuracy,0.8857142857142856
0.6132264529058116,1.0,0.0,svc_random100_cv,10,10,0.3,5,accuracy,0.8857142857142856
0.6152304609218436,1.0,0.0,svc_random100_cv,10,10,0.3,5,accuracy,0.8857142857142856
0.6172344689378757,1.0,0.0,svc_random100_cv,10,10,0.3,5,accuracy,0.8857142857142856
0.6192384769539078,1.0,0.0,svc_random100_cv,10,10,0.3,5,accuracy,0.8857142857142856
0.6212424849699398,1.0,0.0,svc_random100_cv,10,10,0.3,5,accuracy,0.8857142857142856
0.6232464929859719,1.0,0.0,svc_random100_cv,10,10,0.3,5,accuracy,0.8857142857142856
0.625250501002004,1.0,0.0,svc_random100_cv,10,10,0.3,5,accuracy,0.8857142857142856
0.627254509018036,1.0,0.0,svc_random100_cv,10,10,0.3,5,accuracy,0.8857142857142856
0.6292585170340681,1.0,0.0,svc_random100_cv,10,10,0.3,5,accuracy,0.8857142857142856
0.6312625250501002,1.0,0.0,svc_random100_cv,10,10,0.3,5,accuracy,0.8857142857142856
0.6332665330661322,1.0,0.0,svc_random100_cv,10,10,0.3,5,accuracy,0.8857142857142856
0.6352705410821643,1.0,0.0,svc_random100_cv,10,10,0.3,5,accuracy,0.8857142857142856
0.6372745490981964,1.0,0.0,svc_random100_cv,10,10,0.3,5,accuracy,0.8857142857142856
0.6392785571142284,1.0,0.0,svc_random100_cv,10,10,0.3,5,accuracy,0.8857142857142856
0.6412825651302605,1.0,0.0,svc_random100_cv,10,10,0.3,5,accuracy,0.8857142857142856
0.6432865731462926,1.0,0.0,svc_random100_cv,10,10,0.3,5,accuracy,0.8857142857142856
0.6452905811623246,1.0,0.0,svc_random100_cv,10,10,0.3,5,accuracy,0.8857142857142856
0.6472945891783567,1.0,0.0,svc_random100_cv,10,10,0.3,5,accuracy,0.8857142857142856
0.6492985971943888,1.0,0.0,svc_random100_cv,10,10,0.3,5,accuracy,0.8857142857142856
0.6513026052104208,1.0,0.0,svc_random100_cv,10,10,0.3,5,accuracy,0.8857142857142856
0.6533066132264529,1.0,0.0,svc_random100_cv,10,10,0.3,5,accuracy,0.8857142857142856
0.655310621242485,1.0,0.0,svc_random100_cv,10,10,0.3,5,accuracy,0.8857142857142856
0.657314629258517,1.0,0.0,svc_random100_cv,10,10,0.3,5,accuracy,0.8857142857142856
0.6593186372745491,1.0,0.0,svc_random100_cv,10,10,0.3,5,accuracy,0.8857142857142856
0.6613226452905812,1.0,0.0,svc_random100_cv,10,10,0.3,5,accuracy,0.8857142857142856
0.6633266533066132,1.0,0.0,svc_random100_cv,10,10,0.3,5,accuracy,0.8857142857142856
0.6653306613226453,1.0,0.0,svc_random100_cv,10,10,0.3,5,accuracy,0.8857142857142856
0.6673346693386772,1.0,0.0,svc_random100_cv,10,10,0.3,5,accuracy,0.8857142857142856
0.6693386773547093,1.0,0.0,svc_random100_cv,10,10,0.3,5,accuracy,0.8857142857142856
0.6713426853707414,1.0,0.0,svc_random100_cv,10,10,0.3,5,accuracy,0.8857142857142856
0.6733466933867734,1.0,0.0,svc_random100_cv,10,10,0.3,5,accuracy,0.8857142857142856
0.6753507014028055,1.0,0.0,svc_random100_cv,10,10,0.3,5,accuracy,0.8857142857142856
0.6773547094188376,1.0,0.0,svc_random100_cv,10,10,0.3,5,accuracy,0.8857142857142856
0.6793587174348696,1.0,0.0,svc_random100_cv,10,10,0.3,5,accuracy,0.8857142857142856
0.6813627254509017,1.0,0.0,svc_random100_cv,10,10,0.3,5,accuracy,0.8857142857142856
0.6833667334669338,1.0,0.0,svc_random100_cv,10,10,0.3,5,accuracy,0.8857142857142856
0.6853707414829658,1.0,0.0,svc_random100_cv,10,10,0.3,5,accuracy,0.8857142857142856
0.6873747494989979,1.0,0.0,svc_random100_cv,10,10,0.3,5,accuracy,0.8857142857142856
0.68937875751503,1.0,0.0,svc_random100_cv,10,10,0.3,5,accuracy,0.8857142857142856
0.691382765531062,1.0,0.0,svc_random100_cv,10,10,0.3,5,accuracy,0.8857142857142856
0.6933867735470941,1.0,0.0,svc_random100_cv,10,10,0.3,5,accuracy,0.8857142857142856
0.6953907815631262,1.0,0.0,svc_random100_cv,10,10,0.3,5,accuracy,0.8857142857142856
0.6973947895791582,1.0,0.0,svc_random100_cv,10,10,0.3,5,accuracy,0.8857142857142856
0.6993987975951903,1.0,0.0,svc_random100_cv,10,10,0.3,5,accuracy,0.8857142857142856
0.7014028056112224,1.0,0.0,svc_random100_cv,10,10,0.3,5,accuracy,0.8857142857142856
0.7034068136272544,1.0,0.0,svc_random100_cv,10,10,0.3,5,accuracy,0.8857142857142856
0.7054108216432865,1.0,0.0,svc_random100_cv,10,10,0.3,5,accuracy,0.8857142857142856
0.7074148296593186,1.0,0.0,svc_random100_cv,10,10,0.3,5,accuracy,0.8857142857142856
0.7094188376753506,1.0,0.0,svc_random100_cv,10,10,0.3,5,accuracy,0.8857142857142856
0.7114228456913827,1.0,0.0,svc_random100_cv,10,10,0.3,5,accuracy,0.8857142857142856
0.7134268537074148,1.0,0.0,svc_random100_cv,10,10,0.3,5,accuracy,0.8857142857142856
0.7154308617234468,1.0,0.0,svc_random100_cv,10,10,0.3,5,accuracy,0.8857142857142856
0.7174348697394789,1.0,0.0,svc_random100_cv,10,10,0.3,5,accuracy,0.8857142857142856
0.719438877755511,1.0,0.0,svc_random100_cv,10,10,0.3,5,accuracy,0.8857142857142856
0.721442885771543,1.0,0.0,svc_random100_cv,10,10,0.3,5,accuracy,0.8857142857142856
0.7234468937875751,1.0,0.0,svc_random100_cv,10,10,0.3,5,accuracy,0.8857142857142856
0.7254509018036072,1.0,0.0,svc_random100_cv,10,10,0.3,5,accuracy,0.8857142857142856
0.7274549098196392,1.0,0.0,svc_random100_cv,10,10,0.3,5,accuracy,0.8857142857142856
0.7294589178356713,1.0,0.0,svc_random100_cv,10,10,0.3,5,accuracy,0.8857142857142856
0.7314629258517034,1.0,0.0,svc_random100_cv,10,10,0.3,5,accuracy,0.8857142857142856
0.7334669338677354,1.0,0.0,svc_random100_cv,10,10,0.3,5,accuracy,0.8857142857142856
0.7354709418837675,1.0,0.0,svc_random100_cv,10,10,0.3,5,accuracy,0.8857142857142856
0.7374749498997996,1.0,0.0,svc_random100_cv,10,10,0.3,5,accuracy,0.8857142857142856
0.7394789579158316,1.0,0.0,svc_random100_cv,10,10,0.3,5,accuracy,0.8857142857142856
0.7414829659318637,1.0,0.0,svc_random100_cv,10,10,0.3,5,accuracy,0.8857142857142856
0.7434869739478958,1.0,0.0,svc_random100_cv,10,10,0.3,5,accuracy,0.8857142857142856
0.7454909819639278,1.0,0.0,svc_random100_cv,10,10,0.3,5,accuracy,0.8857142857142856
0.7474949899799599,1.0,0.0,svc_random100_cv,10,10,0.3,5,accuracy,0.8857142857142856
0.749498997995992,1.0,0.0,svc_random100_cv,10,10,0.3,5,accuracy,0.8857142857142856
0.751503006012024,1.0,0.0,svc_random100_cv,10,10,0.3,5,accuracy,0.8857142857142856
0.7535070140280561,1.0,0.0,svc_random100_cv,10,10,0.3,5,accuracy,0.8857142857142856
0.7555110220440882,1.0,0.0,svc_random100_cv,10,10,0.3,5,accuracy,0.8857142857142856
0.7575150300601202,1.0,0.0,svc_random100_cv,10,10,0.3,5,accuracy,0.8857142857142856
0.7595190380761523,1.0,0.0,svc_random100_cv,10,10,0.3,5,accuracy,0.8857142857142856
0.7615230460921844,1.0,0.0,svc_random100_cv,10,10,0.3,5,accuracy,0.8857142857142856
0.7635270541082164,1.0,0.0,svc_random100_cv,10,10,0.3,5,accuracy,0.8857142857142856
0.7655310621242485,1.0,0.0,svc_random100_cv,10,10,0.3,5,accuracy,0.8857142857142856
0.7675350701402806,1.0,0.0,svc_random100_cv,10,10,0.3,5,accuracy,0.8857142857142856
0.7695390781563125,1.0,0.0,svc_random100_cv,10,10,0.3,5,accuracy,0.8857142857142856
0.7715430861723446,1.0,0.0,svc_random100_cv,10,10,0.3,5,accuracy,0.8857142857142856
0.7735470941883766,1.0,0.0,svc_random100_cv,10,10,0.3,5,accuracy,0.8857142857142856
0.7755511022044087,1.0,0.0,svc_random100_cv,10,10,0.3,5,accuracy,0.8857142857142856
0.7775551102204408,1.0,0.0,svc_random100_cv,10,10,0.3,5,accuracy,0.8857142857142856
0.7795591182364728,1.0,0.0,svc_random100_cv,10,10,0.3,5,accuracy,0.8857142857142856
0.7815631262525049,1.0,0.0,svc_random100_cv,10,10,0.3,5,accuracy,0.8857142857142856
0.783567134268537,1.0,0.0,svc_random100_cv,10,10,0.3,5,accuracy,0.8857142857142856
0.785571142284569,1.0,0.0,svc_random100_cv,10,10,0.3,5,accuracy,0.8857142857142856
0.7875751503006011,1.0,0.0,svc_random100_cv,10,10,0.3,5,accuracy,0.8857142857142856
0.7895791583166332,1.0,0.0,svc_random100_cv,10,10,0.3,5,accuracy,0.8857142857142856
0.7915831663326652,1.0,0.0,svc_random100_cv,10,10,0.3,5,accuracy,0.8857142857142856
0.7935871743486973,1.0,0.0,svc_random100_cv,10,10,0.3,5,accuracy,0.8857142857142856
0.7955911823647294,1.0,0.0,svc_random100_cv,10,10,0.3,5,accuracy,0.8857142857142856
0.7975951903807614,1.0,0.0,svc_random100_cv,10,10,0.3,5,accuracy,0.8857142857142856
0.7995991983967935,1.0,0.0,svc_random100_cv,10,10,0.3,5,accuracy,0.8857142857142856
0.8016032064128256,1.0,0.0,svc_random100_cv,10,10,0.3,5,accuracy,0.8857142857142856
0.8036072144288576,1.0,0.0,svc_random100_cv,10,10,0.3,5,accuracy,0.8857142857142856
0.8056112224448897,1.0,0.0,svc_random100_cv,10,10,0.3,5,accuracy,0.8857142857142856
0.8076152304609218,1.0,0.0,svc_random100_cv,10,10,0.3,5,accuracy,0.8857142857142856
0.8096192384769538,1.0,0.0,svc_random100_cv,10,10,0.3,5,accuracy,0.8857142857142856
0.8116232464929859,1.0,0.0,svc_random100_cv,10,10,0.3,5,accuracy,0.8857142857142856
0.813627254509018,1.0,0.0,svc_random100_cv,10,10,0.3,5,accuracy,0.8857142857142856
0.81563126252505,1.0,0.0,svc_random100_cv,10,10,0.3,5,accuracy,0.8857142857142856
0.8176352705410821,1.0,0.0,svc_random100_cv,10,10,0.3,5,accuracy,0.8857142857142856
0.8196392785571142,1.0,0.0,svc_random100_cv,10,10,0.3,5,accuracy,0.8857142857142856
0.8216432865731462,1.0,0.0,svc_random100_cv,10,10,0.3,5,accuracy,0.8857142857142856
0.8236472945891783,1.0,0.0,svc_random100_cv,10,10,0.3,5,accuracy,0.8857142857142856
0.8256513026052104,1.0,0.0,svc_random100_cv,10,10,0.3,5,accuracy,0.8857142857142856
0.8276553106212424,1.0,0.0,svc_random100_cv,10,10,0.3,5,accuracy,0.8857142857142856
0.8296593186372745,1.0,0.0,svc_random100_cv,10,10,0.3,5,accuracy,0.8857142857142856
0.8316633266533066,1.0,0.0,svc_random100_cv,10,10,0.3,5,accuracy,0.8857142857142856
0.8336673346693386,1.0,0.0,svc_random100_cv,10,10,0.3,5,accuracy,0.8857142857142856
0.8356713426853707,1.0,0.0,svc_random100_cv,10,10,0.3,5,accuracy,0.8857142857142856
0.8376753507014028,1.0,0.0,svc_random100_cv,10,10,0.3,5,accuracy,0.8857142857142856
0.8396793587174348,1.0,0.0,svc_random100_cv,10,10,0.3,5,accuracy,0.8857142857142856
0.8416833667334669,1.0,0.0,svc_random100_cv,10,10,0.3,5,accuracy,0.8857142857142856
0.843687374749499,1.0,0.0,svc_random100_cv,10,10,0.3,5,accuracy,0.8857142857142856
0.845691382765531,1.0,0.0,svc_random100_cv,10,10,0.3,5,accuracy,0.8857142857142856
0.8476953907815631,1.0,0.0,svc_random100_cv,10,10,0.3,5,accuracy,0.8857142857142856
0.8496993987975952,1.0,0.0,svc_random100_cv,10,10,0.3,5,accuracy,0.8857142857142856
0.8517034068136272,1.0,0.0,svc_random100_cv,10,10,0.3,5,accuracy,0.8857142857142856
0.8537074148296593,1.0,0.0,svc_random100_cv,10,10,0.3,5,accuracy,0.8857142857142856
0.8557114228456913,1.0,0.0,svc_random100_cv,10,10,0.3,5,accuracy,0.8857142857142856
0.8577154308617234,1.0,0.0,svc_random100_cv,10,10,0.3,5,accuracy,0.8857142857142856
0.8597194388777555,1.0,0.0,svc_random100_cv,10,10,0.3,5,accuracy,0.8857142857142856
0.8617234468937875,1.0,0.0,svc_random100_cv,10,10,0.3,5,accuracy,0.8857142857142856
0.8637274549098196,1.0,0.0,svc_random100_cv,10,10,0.3,5,accuracy,0.8857142857142856
0.8657314629258517,1.0,0.0,svc_random100_cv,10,10,0.3,5,accuracy,0.8857142857142856
0.8677354709418837,1.0,0.0,svc_random100_cv,10,10,0.3,5,accuracy,0.8857142857142856
0.8697394789579158,1.0,0.0,svc_random100_cv,10,10,0.3,5,accuracy,0.8857142857142856
0.8717434869739479,1.0,0.0,svc_random100_cv,10,10,0.3,5,accuracy,0.8857142857142856
0.8737474949899798,1.0,0.0,svc_random100_cv,10,10,0.3,5,accuracy,0.8857142857142856
0.8757515030060119,1.0,0.0,svc_random100_cv,10,10,0.3,5,accuracy,0.8857142857142856
0.877755511022044,1.0,0.0,svc_random100_cv,10,10,0.3,5,accuracy,0.8857142857142856
0.879759519038076,1.0,0.0,svc_random100_cv,10,10,0.3,5,accuracy,0.8857142857142856
0.8817635270541081,1.0,0.0,svc_random100_cv,10,10,0.3,5,accuracy,0.8857142857142856
0.8837675350701402,1.0,0.0,svc_random100_cv,10,10,0.3,5,accuracy,0.8857142857142856
0.8857715430861722,1.0,0.0,svc_random100_cv,10,10,0.3,5,accuracy,0.8857142857142856
0.8877755511022043,1.0,0.0,svc_random100_cv,10,10,0.3,5,accuracy,0.8857142857142856
0.8897795591182364,1.0,0.0,svc_random100_cv,10,10,0.3,5,accuracy,0.8857142857142856
0.8917835671342684,1.0,0.0,svc_random100_cv,10,10,0.3,5,accuracy,0.8857142857142856
0.8937875751503005,1.0,0.0,svc_random100_cv,10,10,0.3,5,accuracy,0.8857142857142856
0.8957915831663326,1.0,0.0,svc_random100_cv,10,10,0.3,5,accuracy,0.8857142857142856
0.8977955911823646,1.0,0.0,svc_random100_cv,10,10,0.3,5,accuracy,0.8857142857142856
0.8997995991983967,1.0,0.0,svc_random100_cv,10,10,0.3,5,accuracy,0.8857142857142856
0.9018036072144288,1.0,0.0,svc_random100_cv,10,10,0.3,5,accuracy,0.8857142857142856
0.9038076152304608,1.0,0.0,svc_random100_cv,10,10,0.3,5,accuracy,0.8857142857142856
0.9058116232464929,1.0,0.0,svc_random100_cv,10,10,0.3,5,accuracy,0.8857142857142856
0.907815631262525,1.0,0.0,svc_random100_cv,10,10,0.3,5,accuracy,0.8857142857142856
0.909819639278557,1.0,0.0,svc_random100_cv,10,10,0.3,5,accuracy,0.8857142857142856
0.9118236472945891,1.0,0.0,svc_random100_cv,10,10,0.3,5,accuracy,0.8857142857142856
0.9138276553106212,1.0,0.0,svc_random100_cv,10,10,0.3,5,accuracy,0.8857142857142856
0.9158316633266532,1.0,0.0,svc_random100_cv,10,10,0.3,5,accuracy,0.8857142857142856
0.9178356713426853,1.0,0.0,svc_random100_cv,10,10,0.3,5,accuracy,0.8857142857142856
0.9198396793587174,1.0,0.0,svc_random100_cv,10,10,0.3,5,accuracy,0.8857142857142856
0.9218436873747494,1.0,0.0,svc_random100_cv,10,10,0.3,5,accuracy,0.8857142857142856
0.9238476953907815,1.0,0.0,svc_random100_cv,10,10,0.3,5,accuracy,0.8857142857142856
0.9258517034068136,1.0,0.0,svc_random100_cv,10,10,0.3,5,accuracy,0.8857142857142856
0.9278557114228456,1.0,0.0,svc_random100_cv,10,10,0.3,5,accuracy,0.8857142857142856
0.9298597194388777,1.0,0.0,svc_random100_cv,10,10,0.3,5,accuracy,0.8857142857142856
0.9318637274549098,1.0,0.0,svc_random100_cv,10,10,0.3,5,accuracy,0.8857142857142856
0.9338677354709418,1.0,0.0,svc_random100_cv,10,10,0.3,5,accuracy,0.8857142857142856
0.9358717434869739,1.0,0.0,svc_random100_cv,10,10,0.3,5,accuracy,0.8857142857142856
0.937875751503006,1.0,0.0,svc_random100_cv,10,10,0.3,5,accuracy,0.8857142857142856
0.939879759519038,1.0,0.0,svc_random100_cv,10,10,0.3,5,accuracy,0.8857142857142856
0.9418837675350701,1.0,0.0,svc_random100_cv,10,10,0.3,5,accuracy,0.8857142857142856
0.9438877755511021,1.0,0.0,svc_random100_cv,10,10,0.3,5,accuracy,0.8857142857142856
0.9458917835671342,1.0,0.0,svc_random100_cv,10,10,0.3,5,accuracy,0.8857142857142856
0.9478957915831663,1.0,0.0,svc_random100_cv,10,10,0.3,5,accuracy,0.8857142857142856
0.9498997995991983,1.0,0.0,svc_random100_cv,10,10,0.3,5,accuracy,0.8857142857142856
0.9519038076152304,1.0,0.0,svc_random100_cv,10,10,0.3,5,accuracy,0.8857142857142856
0.9539078156312625,1.0,0.0,svc_random100_cv,10,10,0.3,5,accuracy,0.8857142857142856
0.9559118236472945,1.0,0.0,svc_random100_cv,10,10,0.3,5,accuracy,0.8857142857142856
0.9579158316633266,1.0,0.0,svc_random100_cv,10,10,0.3,5,accuracy,0.8857142857142856
0.9599198396793587,1.0,0.0,svc_random100_cv,10,10,0.3,5,accuracy,0.8857142857142856
0.9619238476953907,1.0,0.0,svc_random100_cv,10,10,0.3,5,accuracy,0.8857142857142856
0.9639278557114228,1.0,0.0,svc_random100_cv,10,10,0.3,5,accuracy,0.8857142857142856
0.9659318637274549,1.0,0.0,svc_random100_cv,10,10,0.3,5,accuracy,0.8857142857142856
0.9679358717434869,1.0,0.0,svc_random100_cv,10,10,0.3,5,accuracy,0.8857142857142856
0.969939879759519,1.0,0.0,svc_random100_cv,10,10,0.3,5,accuracy,0.8857142857142856
0.9719438877755511,1.0,0.0,svc_random100_cv,10,10,0.3,5,accuracy,0.8857142857142856
0.9739478957915831,1.0,0.0,svc_random100_cv,10,10,0.3,5,accuracy,0.8857142857142856
0.9759519038076151,1.0,0.0,svc_random100_cv,10,10,0.3,5,accuracy,0.8857142857142856
0.9779559118236472,1.0,0.0,svc_random100_cv,10,10,0.3,5,accuracy,0.8857142857142856
0.9799599198396792,1.0,0.0,svc_random100_cv,10,10,0.3,5,accuracy,0.8857142857142856
0.9819639278557113,1.0,0.0,svc_random100_cv,10,10,0.3,5,accuracy,0.8857142857142856
0.9839679358717434,1.0,0.0,svc_random100_cv,10,10,0.3,5,accuracy,0.8857142857142856
0.9859719438877754,1.0,0.0,svc_random100_cv,10,10,0.3,5,accuracy,0.8857142857142856
0.9879759519038075,1.0,0.0,svc_random100_cv,10,10,0.3,5,accuracy,0.8857142857142856
0.9899799599198396,1.0,0.0,svc_random100_cv,10,10,0.3,5,accuracy,0.8857142857142856
0.9919839679358716,1.0,0.0,svc_random100_cv,10,10,0.3,5,accuracy,0.8857142857142856
0.9939879759519037,1.0,0.0,svc_random100_cv,10,10,0.3,5,accuracy,0.8857142857142856
0.9959919839679358,1.0,0.0,svc_random100_cv,10,10,0.3,5,accuracy,0.8857142857142856
0.9979959919839678,1.0,0.0,svc_random100_cv,10,10,0.3,5,accuracy,0.8857142857142856
1.0,1.0,0.0,svc_random100_cv,10,10,0.3,5,accuracy,0.8857142857142856
